Time,TI3104_Meas - OP Value,TI3107_Meas - OP Value,TI3105_Meas - OP Value,TC3106_Meas - OP Value,TI3108_Meas - OP Value,TI3101_Meas - OP Value,PI3102_Meas - OP Value,PI3103_Meas - OP Value,FC3101_Meas - OP Value,FI3105_Meas - OP Value,FI3104_Meas - OP Value,FC3103_Meas - OP Value,FC3102_Meas - OP Value,LC3103_Meas - OP Value,LC3101_Meas - OP Value,QI3105 - PV,QI3104 - PV
43860,55.1851,62.7186,69.316,77.0268,98.652,52.0941,16.9161,17.0988,12.1084,7.21984,4.86341,11.3479,2.01257,-0.10625,0.1135,97.367,96.208
43800,54.6681,61.3082,69.1774,76.06,97.8733,51.9664,16.8772,17.0635,12.0394,7.14955,4.78689,11.2069,1.99487,-0.112,-0.20274,97.367,96.208
43740,54.5593,64.5213,69.2613,75.9215,97.7607,52.0525,16.9464,17.05,11.9652,7.303,4.81827,11.5516,2.04784,0.356,0.55025,97.367,96.208
43680,54.2548,61.4769,69.5169,75.8974,97.75,52.3027,16.8721,17.0469,12.001,7.18438,4.77748,11.2229,1.97641,0.03725,-0.1775,97.3451,96.372
43620,55.2945,62.4725,69.7105,76.1251,97.9453,52.476,16.8991,17.0544,11.9872,7.32407,4.84163,11.3032,1.96767,0.144857,0.04375,97.3451,96.372
43560,53.7844,61.8457,68.466,76.3239,98.1016,51.2045,16.8845,17.0606,12.0609,7.16769,4.78538,11.2673,1.9881,-0.195191,-0.1095,97.3451,96.372
43500,54.1753,60.2755,68.8901,75.1538,97.1759,51.6254,16.8565,17.0304,11.9382,7.22014,4.72028,11.0853,1.94353,-0.0020987,-0.49025,97.3451,96.372
43440,53.8731,62.4187,68.717,76.0193,97.8738,51.4536,16.9131,17.0662,12.0178,7.13887,4.76307,11.3318,2.02585,-0.187038,0.02475,97.3451,96.372
43380,53.0254,61.791,69.6991,75.2067,97.2088,52.477,16.8903,17.0342,11.9295,7.10265,4.70574,11.2736,2.02028,-0.1325,-0.109,97.1697,96.2361
43320,55.5283,63.8579,69.0411,75.5521,97.4767,51.8099,16.9321,17.0375,11.9139,7.45901,4.85925,11.4373,1.98493,0.629,0.38275,97.1697,96.2361
43260,54.3772,62.4132,69.5698,76.2773,98.0626,52.3406,16.8979,17.061,12.0122,7.30389,4.83209,11.3092,1.98422,0.351,0.0345,97.1697,96.2361
43200,55.095,62.7907,69.8072,75.6718,97.572,52.5813,16.9042,17.0375,11.941,7.22014,4.7844,11.3537,1.99551,-0.0185,0.12275,97.1697,96.2361
43140,53.5279,63.3302,69.4946,75.8692,97.7366,52.2444,16.9233,17.0482,11.9565,7.30559,4.79998,11.4128,2.01176,0.196948,0.23975,97.1697,96.2361
43080,54.8635,61.7085,69.6827,75.6827,97.5892,52.4319,16.8923,17.0499,11.9588,7.11811,4.74011,11.2484,1.9925,-0.167811,-0.148,97.0431,96.2105
43020,53.7617,61.6511,68.9163,76.3829,98.1562,51.6511,16.8983,17.0821,12.0448,7.26933,4.82493,11.2165,1.9795,0.2195,-0.1575,97.0431,96.2105
42960,54.7999,62.1265,69.3096,75.9503,97.792,52.075,16.9046,17.0652,11.99,7.29302,4.82459,11.2641,1.98764,0.20025,-0.0305,97.0431,96.2105
42900,54.233,61.1673,69.4274,76.3842,98.1246,52.2126,16.8756,17.0747,12.0539,7.24818,4.8326,11.1686,1.96422,0.1045,-0.25075,97.0431,96.2105
42840,54.9117,64.0596,68.576,75.4701,97.3941,51.3464,16.9445,17.0443,11.9452,7.21406,4.77578,11.5047,2.06076,0.05225,0.438,97.0431,96.2105
42780,54.1536,62.0363,69.6517,75.9101,97.7421,52.4467,16.8915,17.0548,11.9996,7.19986,4.79896,11.2785,2.00255,-0.13675,-0.03975,97.1709,96.3423
42720,54.7328,61.4924,69.2251,76.48,98.2036,52.0026,16.8793,17.0726,12.0736,7.17176,4.81914,11.2204,1.98417,-0.2945,-0.178,97.1709,96.3423
42660,55.0034,61.2213,69.9595,75.2034,97.1955,52.7416,16.8768,17.0336,11.9043,7.32282,4.79741,11.1608,1.9458,0.16225,-0.246,97.1709,96.3423
42600,52.8085,61.4052,69.5972,76.9184,98.5629,52.3809,16.8786,17.0894,12.1152,7.16709,4.81544,11.2245,2.00135,0.09875,-0.1955,97.1709,96.3423
42540,53.8048,61.8617,69.8166,76.0895,97.8929,52.605,16.8833,17.0549,11.999,7.30613,4.83673,11.2388,1.96327,0.1705,-0.08725,97.1709,96.3423
42480,54.0441,62.8872,70.1534,75.1673,97.1594,52.937,16.91,17.0249,11.8749,7.27545,4.76183,11.3657,1.99943,0.34925,0.14875,97.095,96.086
42420,53.287,62.0967,69.2721,76.7544,98.4362,52.0289,16.8977,17.0834,12.0839,7.17144,4.80448,11.297,2.00774,0.08475,-0.04575,97.095,96.086
42360,54.5928,61.8552,69.4154,76.0523,97.8762,52.1726,16.8959,17.0642,12.0037,7.20777,4.79803,11.2506,1.98696,-0.04275,-0.103,97.095,96.086
42300,54.8582,62.9005,68.9587,75.6542,97.5532,51.7153,16.9217,17.0529,11.953,7.33764,4.82691,11.3464,1.997,0.18125,0.15025,97.095,96.086
42240,54.1529,61.5702,68.3569,76.4063,98.1452,51.1183,16.8879,17.0774,12.08,7.21288,4.8219,11.2242,1.98758,-0.0435,-0.1585,97.095,96.086
42180,53.7987,62.2595,70.3533,76.3363,98.0895,53.1563,16.9037,17.0753,12.0264,7.16707,4.79668,11.3147,2.02203,-0.02925,0.0095,97.4024,96.0399
42120,54.3771,63.3151,69.2402,76.4322,98.1698,52.0247,16.9275,17.0776,12.0457,7.23989,4.8623,11.4219,2.04202,0.071,0.330545,97.4024,96.0399
42060,54.1008,60.9353,70.487,75.7386,97.604,53.3037,16.8626,17.0462,11.9819,7.15391,4.84018,11.1628,1.97206,-0.37375,-0.114945,97.4024,96.0399
42000,52.9974,63.8593,69.2332,75.4251,97.3656,52.014,16.9333,17.0351,11.9414,7.12304,4.76013,11.5101,2.07085,-0.236,0.506302,97.4024,96.0399
41940,54.1441,60.8939,69.669,76.083,97.8997,52.4501,16.8643,17.058,12.0169,7.23251,4.82809,11.1503,1.95318,0.14925,-0.226486,97.4024,96.0399
41880,54.3404,63.6535,70.2543,76.7949,98.4716,53.0429,16.9293,17.0805,12.0556,7.09307,4.81477,11.4903,2.06064,-0.0575,0.457363,96.6877,96.398
41820,54.8382,62.9511,68.7856,75.6188,97.5374,51.5379,16.914,17.0419,11.9597,7.30797,4.8521,11.3578,1.99453,-0.16325,0.253386,96.6877,96.398
41760,54.2712,62.3953,70.2489,77.1864,98.797,53.0207,16.9033,17.0959,12.098,7.27755,4.86542,11.311,1.99081,0.0752759,0.0282898,96.6877,96.398
41700,53.6923,63.3578,68.9349,75.841,97.7223,51.6823,16.9278,17.0529,11.9903,7.1278,4.74713,11.4473,2.05628,-0.313765,0.269591,96.6877,96.398
41640,54.8596,60.653,70.1914,75.9907,97.8372,52.9657,16.8617,17.0563,11.9906,7.24906,4.79604,11.1129,1.93641,0.07175,-0.38875,96.6877,96.398
41580,54.9842,62.472,69.0324,75.3794,97.3497,51.7851,16.9062,17.0374,11.9314,7.23281,4.75825,11.3215,1.99737,0.10275,0.04525,96.9461,96.2513
41520,53.0538,61.198,69.4768,76.772,98.4628,52.2361,16.8755,17.0833,12.1084,7.08657,4.77925,11.2119,2.00187,-0.404,-0.259,96.9461,96.2513
41460,53.5998,60.4982,68.6608,76.6998,98.3982,51.4064,16.8569,17.0781,12.1023,7.28017,4.83764,11.0973,1.92847,0.10575,-0.4285,96.9461,96.2513
41400,55.5662,63.0832,69.0262,73.9698,96.2247,51.7743,16.9271,16.996,11.7761,7.20623,4.68405,11.3903,2.01982,-0.16975,0.18525,96.9461,96.2513
41340,53.9854,62.8866,69.727,76.4695,98.2264,52.4959,16.9243,17.0826,12.0315,7.23597,4.80848,11.3744,2.02447,0.196,0.14425,96.9461,96.2513
41280,54.3086,61.6101,69.3719,76.1961,97.9991,52.151,16.8873,17.0688,12.0406,7.10371,4.78533,11.2534,2.0078,-0.08475,-0.0502688,97.2249,96.2812
41220,53.6662,61.7541,70.3089,77.0198,98.6581,53.1111,16.8853,17.091,12.1054,7.11068,4.83614,11.278,2.01296,0.136,0.0478337,97.2249,96.2812
41160,53.9809,62.0589,69.1057,76.2033,98.0032,51.8866,16.8832,17.0541,12.0421,7.14941,4.78185,11.3049,2.00715,-0.01575,0.0332816,97.2249,96.2812
41100,54.285,63.9139,68.8553,76.8026,98.4904,51.6121,16.9254,17.0689,12.0841,7.1662,4.81646,11.5033,2.04759,-0.3435,0.39075,97.2249,96.2812
41040,54.3775,62.1586,69.7052,76.4433,98.2174,52.4471,16.8898,17.0601,12.029,7.26054,4.8041,11.2893,1.98068,-0.0642481,-0.04275,97.2249,96.2812
40980,54.4063,62.341,69.2565,75.789,97.6877,51.9843,16.8961,17.0398,11.9661,7.2509,4.74718,11.3194,1.99667,0.0272143,-0.0025,97.1754,96.4658
40920,53.9257,62.8003,69.1004,77.0211,98.6772,51.8189,16.9146,17.0889,12.0989,7.25137,4.80258,11.3732,2.02554,0.062544,0.10525,97.1754,96.4658
40860,54.9364,63.9704,69.4727,76.2416,98.0501,52.2026,16.9492,17.0705,11.9888,7.27712,4.76884,11.4983,2.05792,0.227952,0.3855,97.1754,96.4658
40800,53.7112,61.547,70.3386,77.5245,99.0763,53.096,16.8973,17.1215,12.1582,7.17155,4.8189,11.2425,2.02397,-0.129384,-0.1825,97.1754,96.4658
40740,53.8159,60.7971,69.8588,75.2007,97.1861,52.6461,16.8668,17.0344,11.9298,7.17313,4.73563,11.1436,1.97334,-0.06825,-0.342,97.1754,96.4658
40680,52.4533,61.27,69.8076,75.9944,97.8137,52.6011,16.8732,17.0568,12.0161,7.11146,4.73119,11.2247,2.00603,0.18925,-0.22525,97.257,96.0909
40620,53.4746,62.0994,69.0453,76.1932,97.9835,51.8119,16.8958,17.0644,12.0376,7.20437,4.79866,11.2882,2.00351,-0.13825,-0.0365,97.257,96.0909
40560,53.3952,62.7968,69.2114,76.2397,98.0233,51.9794,16.9132,17.0667,12.0324,7.15664,4.78222,11.3762,2.03441,-0.14825,0.12925,97.257,96.0909
40500,54.1664,62.6112,69.579,75.0349,97.0546,52.36,16.906,17.0243,11.8821,7.2355,4.73694,11.3386,2.00248,0.33425,0.08825,97.257,96.0909
40440,54.2184,61.1977,69.5024,75.1036,97.1157,52.2731,16.8753,17.0284,11.901,7.33409,4.78505,11.1565,1.93989,0.244256,-0.254,97.257,96.0909
40380,52.1567,62.9015,69.5743,76.0298,97.8596,52.3456,16.9173,17.061,12.0167,7.03549,4.72352,11.4173,2.07193,-0.449,0.152,96.9881,96.3628
40320,53.9147,61.596,69.0604,76.1315,97.9402,51.8255,16.8851,17.0637,12.0332,7.20281,4.78903,11.2334,1.98946,0.03,-0.1565,96.9881,96.3628
40260,53.9622,62.2755,69.5178,74.9787,97.0237,52.2911,16.9018,17.026,11.8985,7.21621,4.74778,11.3031,2.01188,-0.244,0.006,96.9881,96.3628
40200,54.1681,61.9404,68.6771,75.3584,97.3197,51.4416,16.8873,17.0327,11.9547,7.23114,4.77253,11.2607,1.98655,-0.06475,-0.06975,96.9881,96.3628
40140,52.8455,64.0145,69.6377,75.8498,97.7152,52.4101,16.9352,17.0459,11.9429,7.38178,4.81802,11.485,2.02513,0.6565,0.41725,96.9881,96.3628
40080,53.8263,63.7695,69.1845,76.1289,97.9458,51.9364,16.9338,17.0584,12.0021,7.19866,4.78488,11.4789,2.05033,-0.169994,0.3515,97.3972,96.5419
40020,55.1311,61.6423,69.271,76.6721,98.382,52.0201,16.8872,17.0804,12.0715,7.24976,4.82081,11.2276,1.97613,0.0834587,-0.15725,97.3972,96.5419
39960,53.2214,61.7564,69.5048,76.6255,98.3462,52.2611,16.8915,17.0814,12.0868,7.11982,4.78507,11.2716,2.02527,-0.383253,-0.12625,97.3972,96.5419
39900,55.0283,60.2484,70.4175,75.887,97.7464,53.1985,16.8534,17.055,11.9787,7.25397,4.80995,11.0566,1.92248,-0.01425,-0.48275,97.3972,96.5419
39840,53.2261,62.3669,69.4961,75.8453,97.7063,52.2651,16.902,17.0522,11.9962,7.11084,4.74911,11.3385,2.03441,-0.35025,0.02425,97.3972,96.5419
39780,54.6885,62.7061,68.6021,77.6495,99.1515,51.3523,16.9127,17.1145,12.1769,7.29207,4.90843,11.335,1.99434,0.18375,0.10225,97.0253,96.0843
39720,53.3317,62.6103,69.8685,75.1566,97.1538,52.6477,16.9111,17.0328,11.9012,7.17028,4.72669,11.3536,2.02757,-0.0295,0.0825,97.0253,96.0843
39660,53.0923,62.4805,69.595,76.4569,98.1966,52.371,16.9091,17.0781,12.0459,7.20516,4.80154,11.336,2.02311,0.17525,0.05475,97.0253,96.0843
39600,54.1764,63.4594,69.6085,75.259,97.2314,52.3948,16.9276,17.0342,11.9219,7.13857,4.74671,11.4491,2.05943,-0.46225,0.29325,97.0253,96.0843
39540,54.0772,61.6055,69.5489,76.3687,98.1157,52.3357,16.8794,17.0668,12.0359,7.27488,4.82881,11.2183,1.96376,0.3675,-0.14825,97.0253,96.0843
39480,54.5781,62.4948,68.8587,76.0817,97.8904,51.6262,16.9004,17.0568,12.0228,7.20884,4.80344,11.3289,2.01036,-0.04825,0.062,97.2866,96.588
39420,53.6596,62.9816,69.7958,76.2857,98.0415,52.5779,16.9073,17.057,12.0123,7.15517,4.78284,11.3949,2.01561,-0.041,0.17125,97.2866,96.588
39360,55.4441,62.3817,69.9052,76.4718,98.2224,52.6538,16.9145,17.0824,12.0113,7.33897,4.84689,11.2872,1.97701,0.322461,0.0105,97.2866,96.588
39300,54.2836,63.2711,68.7386,76.8423,98.5149,51.4803,16.94,17.1014,12.0869,7.25614,4.8514,11.4045,2.03656,0.0775,0.23175,97.2866,96.588
39240,54.382,62.3593,68.3766,75.5722,97.4811,51.1427,16.9108,17.0552,11.9732,7.31706,4.813,11.2893,1.99323,0.25275,0.03375,97.2866,96.588
39180,54.5331,63.5808,70.2441,75.079,97.0805,53.0594,16.9337,17.0346,11.8795,7.2289,4.79162,11.4531,2.05749,0.223,0.416984,96.9665,95.8545
39120,54.9594,61.5659,69.8797,76.6113,98.2965,52.694,16.8732,17.0724,12.0692,7.26833,4.86099,11.212,1.96445,0.07675,-0.14275,96.9665,95.8545
39060,53.874,61.8184,69.6884,76.023,97.8391,52.4815,16.8798,17.0503,12.0047,7.20163,4.78967,11.2569,1.97906,0.03,-0.09675,96.9665,95.8545
39000,54.0754,63.3315,70.308,75.5415,97.4768,53.0868,16.923,17.0396,11.9181,7.22744,4.77462,11.4243,2.02966,-0.049,0.25225,96.9665,95.8545
38940,55.1638,60.6462,69.3826,77.199,98.7976,52.1473,16.8568,17.0925,12.1321,7.25614,4.86388,11.1088,1.93018,0.33475,-0.387,96.9665,95.8545
38880,54.0558,62.6745,69.425,76.3308,98.1032,52.1819,16.907,17.0641,12.0262,7.18755,4.78945,11.3572,2.01344,-0.00739433,0.08925,97.4658,96.2826
38820,54.6,62.8463,69.5235,76.1793,97.9898,52.2721,16.9175,17.0647,12.0004,7.23211,4.81056,11.3569,2.00723,-0.159187,0.125,97.4658,96.2826
38760,52.972,62.5985,69.5265,74.9556,97.0039,52.2828,16.9142,17.0282,11.8854,7.10708,4.67463,11.3679,2.04418,0.08825,0.0715,97.4658,96.2826
38700,54.7521,63.2952,70.2117,76.283,98.0615,52.9878,16.9313,17.0733,11.9937,7.1759,4.79236,11.421,2.034,0.008,0.2395,97.4658,96.2826
38640,54.3429,62.018,69.7747,74.8444,96.9103,52.5531,16.9029,17.0297,11.8761,7.12397,4.69404,11.2893,2.02103,0.05675,-0.055,97.4658,96.2826
38580,54.5729,62.2691,69.0163,75.2947,97.2539,51.8011,16.8998,17.0368,11.9579,7.05248,4.72177,11.3251,2.03356,-0.58375,0.01475,97.1318,96.4524
38520,54.3064,61.9609,68.6811,76.0885,97.8928,51.4577,16.889,17.0593,12.0309,7.31532,4.84516,11.251,1.97505,0.068,-0.0595,97.1318,96.4524
38460,54.6773,63.4055,69.689,75.3816,97.335,52.4777,16.9225,17.0344,11.923,7.21445,4.77982,11.4292,2.03426,-0.23625,0.28175,97.1318,96.4524
38400,54.5999,61.8643,70.6788,76.381,98.1364,53.4816,16.8828,17.0635,12.0083,7.29092,4.84312,11.2413,1.96197,0.20875,-0.089,97.1318,96.4524
38340,53.0322,62.2991,68.5024,74.7565,96.8461,51.2516,16.8953,17.0099,11.8878,7.17926,4.70526,11.3176,2.00379,-0.0125,0.00625,97.1318,96.4524
38280,53.2509,61.8924,68.6914,75.3167,97.2995,51.4326,16.8893,17.0316,11.944,7.23938,4.75777,11.2591,1.98843,0.0495,-0.095,97.0675,96.2728
38220,53.024,60.106,69.495,76.1812,97.9859,52.2487,16.8468,17.0591,12.0243,7.28244,4.80623,11.0484,1.91331,0.31725,-0.526,97.0675,96.2728
38160,54.3537,61.4966,69.0217,76.241,98.0447,51.7582,16.8891,17.0708,12.0395,7.14857,4.77141,11.2281,1.99724,-0.042,-0.1965,97.0675,96.2728
38100,54.139,61.9941,69.4654,77.7797,99.2648,52.2257,16.8995,17.123,12.1878,7.18412,4.86709,11.2768,2.00539,0.17475,-0.06725,97.0675,96.2728
38040,54.0298,61.5025,68.6268,74.2598,96.4366,51.3809,16.8828,17.0006,11.8466,7.22872,4.72116,11.2096,1.97923,-0.33175,-0.18175,97.0675,96.2728
37980,54.0503,62.0216,69.7027,77.2614,98.8495,52.4718,16.9009,17.1072,12.1353,7.1871,4.85271,11.2778,2.01137,-0.08225,-0.0575,97.6537,96.3087
37920,53.6905,61.8704,68.9989,76.0012,97.8188,51.7761,16.8864,17.0556,12.0126,7.28849,4.81791,11.2478,1.97864,0.24875,-0.0835,97.6537,96.3087
37860,52.8632,61.3312,69.7109,75.5352,97.4545,52.4896,16.8772,17.0424,11.9576,7.18759,4.74225,11.2111,1.98779,0.1915,-0.2195,97.6537,96.3087
37800,54.626,59.9645,70.0917,75.7505,97.63,52.8741,16.8451,17.05,11.9763,7.30558,4.82564,11.0115,1.90613,0.00275,-0.54525,97.6537,96.3087
37740,53.6638,61.6143,69.6444,76.2388,98.0148,52.4182,16.8833,17.0649,12.0337,7.18487,4.80355,11.2307,1.98781,-0.23825,-0.1535,97.6537,96.3087
37680,54.5074,61.2489,69.8091,75.7725,97.6397,52.5843,16.8766,17.0509,11.9568,7.35399,4.82202,11.1573,1.93518,0.5065,-0.24275,97.4549,96.347
37620,54.1232,63.0065,68.9105,77.5531,99.059,51.6711,16.9211,17.1128,12.1577,7.25741,4.88987,11.3725,2.00618,0.15325,0.1745,97.4549,96.347
37560,54.3338,62.6497,69.1169,75.8846,97.7317,51.8804,16.9192,17.0652,11.9917,7.21491,4.7919,11.3412,2.02333,-0.022,0.093,97.4549,96.347
37500,55.1499,61.756,70.2498,76.4377,98.1677,53.0449,16.8967,17.0832,12.0277,7.3538,4.88466,11.2113,1.96411,0.0635,-0.115,97.4549,96.347
37440,55.1382,62.6071,69.0293,74.8721,96.896,51.829,16.9097,17.0265,11.8985,7.15372,4.75141,11.3432,2.02091,-0.20825,0.148517,97.4549,96.347
37380,53.6811,59.9433,69.2438,75.4454,97.3715,52.0376,16.8484,17.0471,11.9736,7.34049,4.82425,11.0164,1.91757,0.25525,-0.522417,97.1154,96.518
37320,54.0041,59.7826,69.9427,75.9743,97.7893,52.7611,16.8384,17.0589,12.0258,7.16901,4.80957,11.0324,1.93426,0.09675,-0.465344,97.1154,96.518
37260,55.4885,63.1681,69.1767,75.1502,97.1351,51.9802,16.9135,17.0258,11.9133,7.18133,4.79252,11.413,2.02759,0.05425,0.395913,97.1154,96.518
37200,54.4382,62.9158,69.3715,76.2572,98.0298,52.1658,16.9031,17.0562,12.0421,7.11127,4.785,11.4009,2.03425,-0.45225,0.16925,97.1154,96.518
37140,55.2202,62.4508,68.2229,75.6766,97.5826,50.9719,16.8941,17.0357,11.9795,7.31114,4.81797,11.3055,1.96737,0,0.044,97.1154,96.518
37080,53.6823,62.5936,68.4713,75.073,97.1071,51.2096,16.9003,17.0172,11.9176,7.22476,4.73661,11.3476,2.00582,-0.0916049,0.07075,97.0884,96.0707
37020,54.3119,61.9522,69.8698,76.1814,97.9911,52.6245,16.8859,17.0535,12.0148,7.16488,4.77427,11.2836,1.99403,-0.444296,-0.0895,97.0884,96.0707
36960,53.3638,63.0252,69.1086,76.9656,98.6299,51.836,16.9224,17.0901,12.1066,7.12029,4.7843,11.4145,2.04921,-0.44117,0.1595,97.0884,96.0707
36900,54.2277,62.3217,69.0299,75.3717,97.3509,51.7664,16.9097,17.0425,11.9314,7.15226,4.72084,11.3172,2.0116,0.08125,-0.00275,97.0884,96.0707
36840,53.4461,58.9067,70.3223,76.0217,97.8633,53.0972,16.8269,17.065,12.0295,7.0817,4.7364,10.9453,1.93417,-0.1885,-0.8055,97.0884,96.0707
36780,55.0393,61.079,70.2467,76.2665,98.0428,53.0395,16.8714,17.0672,12.018,7.21745,4.8101,11.1625,1.95597,0.0925,-0.27925,97.2837,96.1633
36720,54.0157,61.1138,69.1423,75.6264,97.5298,51.9153,16.8713,17.0452,11.9798,7.16152,4.74809,11.18,1.96985,0.08,-0.2695,97.2837,96.1633
36660,54.2143,61.1369,70.4479,75.1189,97.1306,53.237,16.8727,17.0286,11.8931,7.26505,4.77158,11.1602,1.9541,-0.03575,-0.2665,97.2837,96.1633
36600,54.2126,63.0685,70.2003,76.5427,98.2697,52.9857,16.9192,17.076,12.0245,7.26043,4.83762,11.3827,2.01032,0.1045,0.1915,97.2837,96.1633
36540,54.9892,61.6123,69.3804,75.6721,97.5784,52.1469,16.8862,17.0493,11.9647,7.28736,4.80783,11.2079,1.96559,0.1445,-0.1535,97.2837,96.1633
36480,54.7437,61.1629,69.5297,75.3964,97.3527,52.2994,16.8715,17.0351,11.9199,7.47033,4.85313,11.1277,1.91009,0.512,-0.26275,96.9496,95.8412
36420,53.2404,62.0748,68.9774,75.6202,97.5314,51.7342,16.8933,17.0426,11.9648,7.26135,4.77089,11.2811,1.98901,0.3215,-0.047,96.9496,95.8412
36360,54.2772,63.4744,69.5526,75.4074,97.3613,52.3155,16.9283,17.0363,11.8912,7.40554,4.80892,11.4094,1.99315,0.72175,0.28175,96.9496,95.8412
36300,53.8017,60.8693,69.3392,77.7524,99.238,52.0997,16.8706,17.1191,12.2169,7.06823,4.8288,11.1731,1.99503,-0.31575,-0.3385,96.9496,95.8412
36240,54.1778,61.6168,70.2606,76.1124,97.9331,53.0356,16.8922,17.069,12.0016,7.17338,4.77936,11.2363,1.99823,-0.0365,-0.15875,96.9496,95.8412
36180,53.7812,61.9453,69.2689,75.9665,97.8031,52.0466,16.8945,17.0609,12.0298,6.985,4.71341,11.3086,2.04934,-0.4575,-0.0685,97.1923,96.2675
36120,53.0865,62.0225,69.4558,75.9262,97.7588,52.2451,16.8882,17.0515,12.0102,7.07724,4.72635,11.3101,2.02756,-0.00725,-0.04675,97.1923,96.2675
36060,54.3475,61.5934,70.0885,74.8629,96.913,52.8799,16.8785,17.0151,11.8683,7.20318,4.72979,11.2249,1.97147,0.0185,-0.15575,97.1923,96.2675
36000,54.596,62.4794,69.7618,75.8047,97.6774,52.5321,16.9049,17.0507,11.9604,7.27824,4.81092,11.3092,1.99013,0.01175,0.04875,97.1923,96.2675
35940,53.9197,60.5154,70.9851,77.2848,98.8635,53.7744,16.8615,17.1033,12.1259,7.13798,4.82737,11.1174,1.96757,-0.123,-0.42025,97.1923,96.2675
35880,52.5965,61.0555,69.6471,76.0182,97.8395,52.4217,16.872,17.0593,12.0006,7.26419,4.77928,11.1671,1.96252,0.593,-0.288,97.1927,96.2286
35820,54.2969,60.7915,69.5979,75.7269,97.6084,52.3729,16.8681,17.0527,12.003,7.0355,4.72945,11.1579,1.99587,-0.59725,-0.34875,97.1927,96.2286
35760,53.5866,63.5432,69.4578,76.3009,98.0687,52.2281,16.9347,17.0731,12.0254,7.16994,4.79796,11.4514,2.05869,-0.206,0.307,97.1927,96.2286
35700,55.0059,63.6929,68.6929,75.2983,97.2562,51.4587,16.9355,17.0373,11.9026,7.43492,4.83404,11.4192,1.99857,0.5785,0.346,97.1927,96.2286
35640,53.8031,63.2421,69.1119,77.2945,98.8639,51.8785,16.9295,17.1088,12.1473,7.16779,4.85778,11.4163,2.05352,-0.34125,0.23775,97.1927,96.2286
35580,53.4384,61.8747,69.8361,76.0363,97.8391,52.6326,16.8898,17.0606,12.0087,7.15112,4.76355,11.2746,2.0101,0.086,-0.0815,97.1289,96.4787
35520,55.0815,61.7762,69.3415,75.6529,97.5378,52.1247,16.8885,17.0487,11.9713,7.23847,4.79633,11.2345,1.98196,-0.01525,-0.10575,97.1289,96.4787
35460,53.665,61.2009,69.6522,76.4175,98.1382,52.4482,16.8703,17.0697,12.0771,7.01713,4.75706,11.2138,2.00726,-0.56225,-0.24125,97.1289,96.4787
35400,55.4472,62.9007,68.8066,76.4618,98.1936,51.5668,16.9203,17.0789,12.0326,7.39803,4.88679,11.3302,1.97804,0.423,0.153,97.1289,96.4787
35340,54.029,61.3313,69.5518,74.6807,96.7609,52.3361,16.8805,17.0184,11.8602,7.28339,4.73688,11.1853,1.96437,0.38075,-0.21425,97.1289,96.4787
35280,53.931,63.2384,70.0414,75.565,97.4717,52.8357,16.9277,17.0501,11.9267,7.22335,4.76354,11.4129,2.03719,0.31875,0.241,97.4024,96.4391
35220,54.949,62.2701,69.7718,75.3656,97.3025,52.5712,16.8992,17.0388,11.9275,7.23665,4.7992,11.2924,1.99413,-0.00675,0.0769407,97.4024,96.4391
35160,54.7347,63.7757,69.4377,76.3719,98.1185,52.2231,16.9374,17.0736,12.028,7.24009,4.83722,11.4662,2.04465,-0.16975,0.36975,97.4024,96.4391
35100,53.9109,64.0241,68.7413,76.9869,98.6132,51.5183,16.9415,17.0932,12.1095,7.16599,4.85716,11.5162,2.07233,0.0945,0.52497,97.4024,96.4391
35040,54.2097,62.1606,69.1965,76.2843,98.0516,51.9791,16.8924,17.0641,12.0266,7.35616,4.86227,11.2634,1.96411,0.3345,0.00423728,97.4024,96.4391
34980,54.369,61.63,69.3981,76.2715,98.0464,52.1756,16.8792,17.0619,12.0419,7.16946,4.79622,11.2356,1.98204,-0.17275,-0.1445,97.0109,96.2115
34920,54.1119,59.789,69.0169,75.8584,97.7175,51.7784,16.8349,17.0463,12.0214,7.23301,4.78864,11.021,1.91778,-0.0395,-0.58875,97.0109,96.2115
34860,54.1493,61.1759,69.8129,74.4973,96.6398,52.5754,16.8741,17.0063,11.8344,7.27827,4.71451,11.1715,1.95822,0.124155,-0.2655,97.0109,96.2115
34800,53.4171,61.1838,69.9656,74.3431,96.5101,52.7343,16.8748,17.0017,11.8141,7.21464,4.67558,11.1859,1.96717,0.29381,-0.26325,97.0109,96.2115
34740,54.5805,63.0099,70.4578,75.1182,97.1403,53.2288,16.9271,17.0361,11.8703,7.21454,4.72678,11.3908,2.03299,-0.0227999,0.16775,97.0109,96.2115
34680,53.2924,61.1081,69.3115,76.3702,98.128,52.085,16.8764,17.0754,12.0741,7.11819,4.78891,11.1845,1.99503,-0.4555,-0.26975,97.2235,96.3169
34620,54.4645,60.4792,70.3809,75.2635,97.2457,53.1739,16.86,17.0367,11.9188,7.30572,4.80247,11.075,1.92875,-0.13275,-0.42025,97.2235,96.3169
34560,54.2811,60.5725,69.8568,76.8581,98.5097,52.6552,16.8552,17.0844,12.1009,7.21038,4.82715,11.1149,1.94996,0.34575,-0.389,97.2235,96.3169
34500,53.8242,60.5267,69.8484,76.6535,98.3477,52.6381,16.8501,17.0721,12.0899,7.17566,4.81736,11.1177,1.95407,-0.1665,-0.405,97.2235,96.3169
34440,53.2076,62.6931,70.3535,75.0226,97.0542,53.1368,16.9057,17.0198,11.8925,7.00492,4.67045,11.3923,2.05446,-0.66375,0.10025,97.2235,96.3169
34380,53.8718,62.1134,70.1883,77.0294,98.6681,52.9581,16.8977,17.0918,12.0952,7.18337,4.81555,11.2995,2.00855,-0.0635849,-0.043,97.1985,96.1492
34320,54.482,59.5475,69.1608,76.5788,98.3029,51.9184,16.8369,17.0777,12.0957,7.14316,4.80092,10.9971,1.91964,-0.152207,-0.65125,97.1985,96.1492
34260,54.1447,64.2803,68.8093,76.6077,98.3364,51.5529,16.955,17.0835,12.0578,7.18474,4.81961,11.5336,2.07132,-0.283531,0.47175,97.1985,96.1492
34200,53.877,59.8604,69.7458,76.8132,98.4909,52.5252,16.8445,17.088,12.1213,7.08658,4.79232,11.0529,1.96149,-0.221,-0.566,97.1985,96.1492
34140,53.9043,61.6953,69.2465,74.3498,96.506,52.0263,16.877,16.9942,11.8291,7.3214,4.74345,11.2243,1.95717,0.21175,-0.12675,97.1985,96.1492
34080,54.8495,61.5226,69.6153,75.3472,97.3179,52.384,16.8783,17.0313,11.928,7.21662,4.76644,11.21,1.96396,-0.04275,-0.1775,97.4334,96.1041
34020,55.3132,63.4112,69.3328,77.0666,98.6964,52.0858,16.9256,17.0896,12.0961,7.21804,4.86583,11.4245,2.0209,-0.2595,0.26525,97.4334,96.1041
33960,54.3982,61.2111,68.5087,76.0958,97.925,51.24,16.8783,17.0617,12.0308,7.32043,4.84522,11.1565,1.94315,-0.125,-0.26275,97.4334,96.1041
33900,55.2273,61.6894,68.8885,76.8622,98.5365,51.632,16.8921,17.0908,12.1065,7.17479,4.84027,11.2285,1.98106,-0.3085,-0.14525,97.4334,96.1041
33840,53.8676,61.5517,69.477,76.0784,97.9077,52.2375,16.89,17.067,12.0085,7.20049,4.77974,11.2237,1.98609,0.2245,-0.1735,97.4334,96.1041
33780,53.7863,61.4498,69.2576,75.7343,97.6147,52.032,16.8793,17.0484,11.9809,7.28213,4.79371,11.2062,1.96834,0.2785,-0.1895,96.8077,96.5067
33720,53.3908,62.2341,69.4475,75.5145,97.4423,52.2226,16.8981,17.041,11.9498,7.23567,4.77627,11.2979,1.9973,-0.00725,-0.0035,96.8077,96.5067
33660,52.9263,63.5672,69.4172,75.919,97.7692,52.1883,16.9303,17.0545,11.9862,7.21174,4.78405,11.4639,2.05342,-0.10725,0.3115,96.8077,96.5067
33600,54.2998,62.9938,70.3008,74.699,96.7956,53.0882,16.9176,17.0153,11.8318,7.19558,4.7157,11.3887,2.02348,0.092,0.176,96.8077,96.5067
33540,52.9768,63.0771,69.6862,76.3698,98.1361,52.4585,16.9204,17.0707,12.0309,7.20598,4.80827,11.404,2.03512,-0.14425,0.191,96.8077,96.5067
33480,54.9917,60.7624,67.9427,77.0488,98.6826,50.6849,16.8654,17.0946,12.1648,7.18802,4.84499,11.1355,1.96328,-0.05875,-0.356,96.9888,96.6189
33420,53.7634,60.1545,68.9323,75.3835,97.338,51.7015,16.8433,17.0311,11.9652,7.30201,4.79467,11.0495,1.91415,0.08725,-0.49875,96.9888,96.6189
33360,53.9283,62.7346,69.0971,75.454,97.4027,51.8576,16.9083,17.036,11.9439,7.18182,4.74643,11.3665,2.01838,0.0025,0.10875,96.9888,96.6189
33300,54.2315,64.1237,70.3842,75.5611,97.4997,53.1549,16.9461,17.0432,11.9063,7.21897,4.77021,11.5151,2.05699,-0.06475,0.433,96.9888,96.6189
33240,54.7715,64.0359,69.6893,76.996,98.6441,52.4559,16.9445,17.0927,12.0812,7.12847,4.81387,11.5192,2.0705,-0.08475,0.4165,96.9888,96.6189
33180,53.982,61.0389,69.9855,76.0413,97.8842,52.7506,16.8732,17.0603,11.991,7.3641,4.84312,11.1383,1.93949,0.27525,-0.2995,97.0787,96.3907
33120,55.0151,61.7701,69.9192,75.8534,97.7287,52.6931,16.8878,17.0524,11.9643,7.29727,4.82024,11.2228,1.96277,0.2075,-0.11925,97.0787,96.3907
33060,54.2048,61.7231,70.361,75.9779,97.817,53.1464,16.8818,17.0513,11.9838,7.13595,4.76432,11.253,1.98993,-0.1335,-0.1305,97.0787,96.3907
33000,55.2611,62.8445,68.8666,75.4568,97.4116,51.6085,16.915,17.0388,11.922,7.36839,4.81992,11.3333,1.97812,0.3005,0.12775,97.0787,96.3907
32940,54.0397,61.7703,68.2786,76.397,98.1573,51.0159,16.8893,17.0711,12.0761,7.11644,4.77903,11.2602,2.0039,-0.2145,-0.123,97.0787,96.3907
32880,55.359,62.1188,69.4168,76.0568,97.8768,52.1789,16.8959,17.0584,11.9907,7.31436,4.83899,11.2588,1.96935,0.19275,-0.0375,96.9881,96.2891
32820,54.2319,64.5283,69.2487,76.0619,97.89,51.9956,16.9609,17.065,11.9607,7.38312,4.85057,11.5253,2.0385,0.36325,0.52775,96.9881,96.2891
32760,55.3472,62.1037,70.3938,74.7922,96.8705,53.1737,16.907,17.0287,11.8414,7.19284,4.72538,11.2746,1.99942,0.0805,-0.041,96.9881,96.2891
32700,55.7621,61.9703,69.5755,75.1926,97.176,52.3604,16.8977,17.0385,11.909,7.26377,4.77899,11.2521,1.98902,0.2005,-0.05875,96.9881,96.2891
32640,55.3284,62.9725,69.895,75.482,97.3953,52.6963,16.9131,17.0398,11.9221,7.3324,4.8291,11.3546,1.99768,0.11,0.1845,96.9881,96.2891
32580,53.3097,60.8897,69.2321,78.1502,99.5337,52.0153,16.8635,17.1276,12.2461,7.29849,4.92692,11.1407,1.95242,0.407,-0.317,97.075,96.2752
32520,54.6245,62.286,69.4102,76.6222,98.3153,52.1918,16.8987,17.0784,12.0628,7.17454,4.8025,11.3146,2.00879,0.3165,0.013,97.075,96.2752
32460,54.7222,62.0797,70.4901,76.5019,98.2208,53.2843,16.8952,17.0746,12.0382,7.12859,4.80388,11.2909,2.00684,-0.32675,-0.0415,97.075,96.2752
32400,54.0737,61.2694,69.2039,75.3844,97.3248,51.977,16.8765,17.0388,11.9561,7.14773,4.73133,11.2053,1.99176,0.0615,-0.231,97.075,96.2752
32340,55.1448,62.4869,69.5501,74.696,96.7685,52.3273,16.9053,17.0144,11.8461,7.30241,4.76613,11.3068,1.98222,0.01975,0.05375,97.075,96.2752
32280,54.1855,61.3533,69.417,76.1546,97.9595,52.1763,16.8925,17.0772,12.0244,7.28673,4.83642,11.1812,1.97422,-0.0885,-0.221,97.3207,96.6956
32220,52.8564,61.5245,69.8896,73.9287,96.1584,52.6875,16.89,17.0001,11.8079,7.05167,4.63,11.2536,2.03923,-0.3695,-0.16175,97.3207,96.6956
32160,53.0613,61.9789,69.4093,76.3599,98.0894,52.2128,16.8918,17.0725,12.063,7.17618,4.82899,11.288,2.01585,-0.12525,0.0232988,97.3207,96.6956
32100,54.252,62.7957,68.4547,75.7688,97.6143,51.2457,16.9064,17.048,12.0053,7.17283,4.84075,11.3731,2.02253,-0.0835,0.346315,97.3207,96.6956
32040,55.0528,62.1182,69.1471,76.7207,98.4016,51.9267,16.897,17.0834,12.0831,7.31801,4.89258,11.2598,1.96802,-0.22675,-0.02875,97.3207,96.6956
31980,54.6446,61.5451,69.9435,76.1305,97.9365,52.742,16.8839,17.0656,12.0136,7.21568,4.8335,11.227,1.98358,0.1685,-0.0574507,97.154,96.4201
31920,54.4004,62.0004,69.7391,74.6315,96.7363,52.5365,16.8881,17.0088,11.8532,7.26261,4.79416,11.2704,1.98363,0.1085,0.112507,97.154,96.4201
31860,54.4521,62.5056,69.4212,75.6584,97.5553,52.211,16.8923,17.0339,11.9705,7.14172,4.75142,11.3494,2.00739,-0.24825,0.06675,97.154,96.4201
31800,55.756,61.9759,69.0663,75.2241,97.2228,51.8279,16.8836,17.0207,11.9096,7.31702,4.79132,11.2457,1.9445,0.09725,-0.07225,97.154,96.4201
31740,54.0672,61.0505,69.492,75.2932,97.2941,52.2425,16.8686,17.0286,11.9169,7.32477,4.75428,11.1579,1.94081,0.427463,-0.30175,97.154,96.4201
31680,53.0923,59.8127,69.1629,77.2011,98.8217,51.9085,16.8391,17.0933,12.1714,7.061,4.78154,11.0599,1.96199,-0.227756,-0.592,97.4161,96.3266
31620,54.7316,62.8476,69.2634,76.1221,97.9437,52.0105,16.9042,17.0489,12.0041,7.22219,4.79786,11.368,2.0043,-0.279872,0.12775,97.4161,96.3266
31560,54.5748,62.176,68.4698,76.0288,97.877,51.1892,16.8977,17.0546,12.0153,7.15211,4.72002,11.3172,2.01473,0.145665,-0.0395,97.4161,96.3266
31500,54.5363,60.3976,69.7046,75.7308,97.6367,52.4484,16.8607,17.0508,11.9805,7.18877,4.72791,11.1037,1.96165,-0.0230716,-0.461,97.4161,96.3266
31440,54.9242,61.0374,69.2918,75.9945,97.844,52.0365,16.8794,17.0644,12.0035,7.29587,4.7969,11.1499,1.95748,0.12021,-0.3035,97.4161,96.3266
31380,53.9949,63.5878,68.0981,76.191,97.9932,50.8376,16.9393,17.0725,12.0398,7.15635,4.78616,11.4578,2.06098,-0.157,0.31525,97.3172,96.0496
31320,54.1909,62.7896,69.2789,76.4098,98.1518,52.0571,16.9115,17.0726,12.0516,7.15752,4.79946,11.374,2.03627,-0.097,0.1355,97.3172,96.0496
31260,54.4284,62.6531,70.8348,77.0322,98.6513,53.6356,16.9077,17.0911,12.064,7.26905,4.8658,11.3337,1.99433,0.25775,0.09625,97.3172,96.0496
31200,53.124,61.8353,68.2208,77.1579,98.7638,50.967,16.8936,17.1004,12.168,7.14429,4.82636,11.2725,2.01742,-0.196728,-0.10125,97.3172,96.0496
31140,54.6169,62.2468,69.6926,75.7181,97.6048,52.4765,16.9002,17.0507,11.9772,7.08255,4.74237,11.3189,2.0273,-0.2815,0.004,97.3172,96.0496
31080,54.899,60.1276,70.0373,77.7044,99.1946,52.8235,16.8464,17.1129,12.193,7.19299,4.88508,11.0585,1.93593,-0.0515,-0.503,97.3927,96.348
31020,53.8447,64.0973,70.0571,74.6582,96.759,52.8403,16.9407,17.0098,11.8136,7.23773,4.71833,11.5117,2.04796,0.261005,0.43675,97.3927,96.348
30960,54.1623,61.6243,69.5989,75.8165,97.6868,52.3751,16.883,17.0501,11.988,7.12436,4.7501,11.2444,1.99528,-0.102,-0.15,97.3927,96.348
30900,54.6791,63.2648,68.7367,76.6831,98.3871,51.4891,16.924,17.0807,12.0659,7.3168,4.86218,11.3995,2.01749,0.29789,0.23825,97.3927,96.348
30840,54.1018,60.5441,69.3416,74.6288,96.7326,52.1101,16.854,17.0069,11.8807,7.10997,4.68881,11.1197,1.95905,-0.28725,-0.408,97.3927,96.348
30780,53.4931,62.1601,69.1348,76.9988,98.6337,51.8881,16.8963,17.0886,12.1008,7.30693,4.86132,11.279,1.98371,0.337923,-0.02925,96.9143,96.6441
30720,54.7334,63.3444,69.4221,75.9961,97.8338,52.1738,16.9304,17.0607,11.9844,7.24166,4.79648,11.4213,2.03589,-0.195607,0.24875,96.9143,96.6441
30660,53.2058,61.8979,70.5688,75.5269,97.4551,53.3483,16.898,17.0484,11.9338,7.18499,4.75307,11.2689,2.01188,-0.109,-0.09025,96.9143,96.6441
30600,53.5049,62.9974,70.4176,77.1578,98.758,53.2017,16.9256,17.1054,12.0979,7.21923,4.85868,11.3848,2.03855,-0.06925,0.17625,96.9143,96.6441
30540,54.7246,63.1663,69.7035,77.2032,98.7896,52.4845,16.9291,17.1078,12.1197,7.1836,4.86117,11.4034,2.04621,-0.1275,0.223504,96.9143,96.6441
30480,54.9301,62.5655,69.7455,75.8165,97.6715,52.5383,16.9089,17.0557,11.9618,7.36771,4.85556,11.302,1.97979,0.1735,0.083,96.9826,96.3299
30420,53.9723,62.1369,68.8566,76.4423,98.1746,51.6377,16.8978,17.0769,12.0692,7.17278,4.84672,11.2951,2.01273,0.152,0.103428,96.9826,96.3299
30360,53.613,62.7146,70.0677,74.1119,96.3035,52.8721,16.9039,16.9905,11.782,7.2991,4.77082,11.3458,2.0043,0.197,0.274984,96.9826,96.3299
30300,53.8237,60.7417,69.3971,76.2947,98.0546,52.1806,16.8569,17.0619,12.0588,7.16493,4.79099,11.1418,1.96209,-0.14875,-0.35425,96.9826,96.3299
30240,54.465,63.4569,69.2627,77.4121,98.9652,52.0239,16.9284,17.1045,12.1341,7.24897,4.86738,11.4348,2.03015,0.130386,0.28225,96.9826,96.3299
30180,54.8299,64.2706,68.9458,77.2301,98.8267,51.6977,16.9531,17.1041,12.1045,7.36177,4.89109,11.5076,2.04248,0.414328,0.47575,96.7498,96.4181
30120,53.3149,63.6846,69.8305,74.4411,96.5848,52.6099,16.9348,17.0073,11.8164,7.16773,4.68655,11.4767,2.06008,-0.0631017,0.3405,96.7498,96.4181
30060,54.0363,62.3821,69.1468,76.4968,98.2311,51.9134,16.9038,17.0762,12.0692,7.15683,4.8072,11.3252,2.02028,-0.283,0.0315,96.7498,96.4181
30000,53.3893,61.0885,71.0839,76.9271,98.5798,53.8805,16.875,17.0917,12.0778,7.19568,4.81904,11.1818,1.97951,0.129856,-0.28125,96.7498,96.4181
29940,53.8326,62.4204,69.9514,76.1817,97.9838,52.7318,16.906,17.067,12.0045,7.22657,4.79845,11.3201,2.00713,0.19175,0.03975,96.7498,96.4181
29880,54.3381,61.3329,69.437,77.0666,98.6862,52.2117,16.8764,17.0925,12.1231,7.20793,4.84246,11.2015,1.97191,0.1225,-0.21925,97.1451,96.2942
29820,54.7654,60.1782,69.3264,75.5114,97.4432,52.0967,16.8483,17.0396,11.9686,7.24442,4.77988,11.0584,1.9238,0.06825,-0.496,97.1451,96.2942
29760,52.9927,61.7601,69.4836,76.2799,98.0544,52.2604,16.8843,17.0631,12.042,7.10766,4.75965,11.2699,2.00059,-0.1075,-0.1205,97.1451,96.2942
29700,53.7062,60.2218,70.2008,75.7385,97.6371,52.9792,16.8543,17.0517,11.9833,7.12252,4.73686,11.0898,1.95967,-0.08325,-0.49,97.1451,96.2942
29640,53.2392,60.1003,70.1792,75.1709,97.1762,52.9656,16.847,17.0295,11.9359,7.04753,4.68029,11.092,1.97216,-0.2145,-0.51225,97.1451,96.2942
29580,53.0026,63.7647,69.5124,75.4185,97.3672,52.2885,16.9286,17.0311,11.9167,7.26485,4.76498,11.4759,2.0368,0.235,0.3585,97.0568,96.4152
29520,54.6758,62.3125,70.4207,75.9316,97.7956,53.1938,16.9028,17.056,11.9667,7.20151,4.78637,11.3078,2.00398,-0.10125,0.0045,97.0568,96.4152
29460,55.1483,60.8742,69.9723,75.7619,97.6436,52.7463,16.8619,17.0433,11.9662,7.25869,4.80209,11.1287,1.93005,-0.03325,-0.33625,97.0568,96.4152
29400,54.7149,60.5565,69.2785,75.7199,97.6139,52.031,16.8595,17.0468,11.9772,7.20591,4.76514,11.1048,1.93398,0.18,-0.416,97.0568,96.4152
29340,54.6003,59.8369,69.9279,77.3089,98.8976,52.6823,16.8519,17.1093,12.1434,7.23404,4.86518,11.0156,1.92218,0.0825,-0.59025,97.0568,96.4152
29280,53.8605,63.9824,69.4176,77.0192,98.652,52.1815,16.9466,17.0974,12.1066,7.1082,4.82306,11.5146,2.08427,-0.55375,0.4065,96.9345,96.3493
29220,53.9151,62.5999,69.226,75.0463,97.0668,51.9961,16.9108,17.0303,11.9085,7.17083,4.72271,11.3543,2.03511,-0.002,0.0845,96.9345,96.3493
29160,54.8173,63.298,69.6339,76.6206,98.3183,52.4171,16.9228,17.0775,12.0393,7.32256,4.87322,11.394,2.00033,0.15425,0.25,96.9345,96.3493
29100,54.5834,62.0435,69.2498,75.0278,97.0463,52.0248,16.8948,17.0267,11.9106,7.14264,4.72292,11.2883,2.00648,-0.1925,-0.048,96.9345,96.3493
29040,54.2319,63.9338,68.4604,77.0006,98.6268,51.2188,16.941,17.093,12.1132,7.21519,4.85007,11.4939,2.05372,-0.07875,0.39975,96.9345,96.3493
28980,52.6331,62.6846,69.1716,75.359,97.3119,51.9478,16.9106,17.0386,11.9549,7.09643,4.71774,11.3782,2.0508,-0.33375,0.1065,97.0651,96.3478
28920,53.7848,61.0864,68.785,75.7023,97.5897,51.5536,16.8729,17.0497,12.0034,7.13284,4.74748,11.1833,1.97903,-0.13475,-0.27725,97.0651,96.3478
28860,54.9469,62.7717,68.2109,74.981,97.0225,50.9654,16.9153,17.0289,11.9122,7.25433,4.76717,11.344,2.00946,-0.03275,0.1275,97.0651,96.3478
28800,53.8223,63.3127,68.6702,76.343,98.0949,51.4477,16.9169,17.0633,12.0424,7.28618,4.83656,11.4158,2.0199,0.20925,0.26225,97.0651,96.3478
28740,54.3489,62.5913,69.0347,76.8858,98.5339,51.8081,16.9004,17.0802,12.0918,7.20062,4.8287,11.3421,1.99501,0.20425,0.08175,97.0651,96.3478
28680,53.3237,63.2996,69.4847,74.5813,96.7072,52.2451,16.924,17.0086,11.8429,7.1068,4.6699,11.447,2.05485,-0.205,0.241,97.175,96.2766
28620,54.2513,62.693,69.6779,75.5339,97.4674,52.4437,16.9109,17.0418,11.9314,7.23272,4.76599,11.3509,2.00731,0.1435,0.09675,97.175,96.2766
28560,53.2436,61.2323,68.9456,75.2497,97.2382,51.6997,16.8785,17.0351,11.9514,7.07925,4.69329,11.2163,2.0012,-0.14775,-0.24975,97.175,96.2766
28500,54.3274,61.5453,70.1914,75.4843,97.4264,52.9706,16.8863,17.0437,11.9357,7.2003,4.76265,11.2231,1.98367,-0.058,-0.1735,97.175,96.2766
28440,54.2508,61.4593,69.8913,74.9593,97.0017,52.6745,16.8823,17.0252,11.892,7.17739,4.72148,11.2225,1.98802,0.004,-0.1895,97.175,96.2766
28380,53.8508,60.5661,69.5182,75.6446,97.5568,52.2944,16.8618,17.0491,11.9846,7.18893,4.76582,11.1158,1.96116,-0.02825,-0.401,96.7493,96.103
28320,53.9391,59.3308,68.502,75.5657,97.4861,51.2689,16.8251,17.0403,12.019,7.17124,4.75943,10.9807,1.92449,-0.0895,-0.68825,96.7493,96.103
28260,54.9216,62.2574,69.9855,75.4968,97.4327,52.7698,16.8908,17.0319,11.9195,7.40156,4.84265,11.2687,1.95466,0.2255,0.00075,96.7493,96.103
28200,53.493,61.9627,69.4153,75.0416,97.0781,52.1728,16.8886,17.0197,11.8947,7.21399,4.73516,11.2676,1.98165,0.0115,-0.08025,96.7493,96.103
28140,54.1886,60.7266,69.9145,75.5277,97.4738,52.6714,16.865,17.0411,11.9564,7.11232,4.72999,11.1418,1.9682,-0.29625,-0.3795,96.7493,96.103
28080,54.5042,61.8751,69.832,76.484,98.2299,52.5931,16.8913,17.0728,12.0366,7.19502,4.79636,11.2653,1.9912,0.21225,-0.102,96.9967,96.8438
28020,54.9884,63.3374,69.6208,75.0449,97.069,52.3811,16.9252,17.0236,11.8641,7.289,4.77227,11.4027,2.00564,0.0795,0.24575,96.9967,96.8438
27960,54.0432,61.4946,70.0949,75.2885,97.2688,52.8587,16.8884,17.0391,11.9104,7.18784,4.73614,11.2168,1.98381,0.035,-0.1945,96.9967,96.8438
27900,54.9309,63.8868,69.4596,75.9028,97.7557,52.2183,16.9485,17.0639,11.9522,7.34083,4.83499,11.4567,2.02681,0.24475,0.3795,96.9967,96.8438
27840,54.0572,63.5111,68.8313,75.4671,97.3966,51.5984,16.9381,17.0501,11.958,7.10766,4.73694,11.4615,2.07247,-0.35625,0.30125,96.9967,96.8438
27780,55.4234,60.2205,69.1491,74.9118,96.9384,51.9433,16.8523,17.0262,11.9293,7.15169,4.742,11.0738,1.95482,-0.3815,-0.46975,96.9924,96.2709
27720,54.901,63.1071,69.9762,75.1823,97.1509,52.792,16.9143,17.0297,11.9032,7.18294,4.78753,11.4075,2.04086,0.1115,0.353582,96.9924,96.2709
27660,54.938,61.468,69.7841,76.733,98.392,52.5887,16.8694,17.073,12.0728,7.33553,4.89598,11.1812,1.93336,0.04125,-0.1745,96.9924,96.2709
27600,54.127,63.4588,69.5444,76.9163,98.5658,52.3138,16.9286,17.0879,12.0731,7.29142,4.87053,11.4225,2.01808,0.054,0.282,96.9924,96.2709
27540,55.873,60.697,69.0536,76.6413,98.3433,51.8181,16.8637,17.081,12.0817,7.26337,4.85353,11.1022,1.93173,0.172,-0.37,96.9924,96.2709
27480,52.8912,61.0367,69.8547,76.2834,98.0522,52.6311,16.8707,17.0664,12.0501,7.12994,4.78453,11.1812,1.98452,-0.52425,-0.295,96.7794,96.3595
27420,53.5377,61.4097,69.0622,76.4197,98.1709,51.8195,16.8872,17.0791,12.0655,7.18469,4.79926,11.2121,1.99075,-0.05875,-0.20725,96.7794,96.3595
27360,54.9558,62.4821,69.1728,75.49,97.422,51.9431,16.9118,17.049,11.9471,7.20563,4.76626,11.323,2.01311,0.07925,0.056,96.7794,96.3595
27300,53.9614,61.6433,69.7572,76.9764,98.605,52.5491,16.8891,17.0964,12.107,7.15591,4.81255,11.246,1.99789,0.2055,-0.1395,96.7794,96.3595
27240,54.7379,63.3643,68.505,76.114,97.9204,51.2747,16.9298,17.0674,12.0183,7.26425,4.82783,11.4144,2.02314,0.05275,0.271,96.7794,96.3595
27180,54.6528,61.3858,69.4265,75.7926,97.6654,52.2201,16.8783,17.0535,12.0094,7.11911,4.81592,11.2199,2.00289,-0.38225,-0.056033,96.717,96.2991
27120,54.4331,61.5218,69.3521,75.549,97.4589,52.1533,16.869,17.0327,11.9777,7.15399,4.8053,11.239,1.98877,-0.086,0.0246389,96.717,96.2991
27060,53.3545,61.0219,69.9128,76.0031,97.8406,52.6964,16.8579,17.0453,11.9975,7.2877,4.80589,11.1574,1.94222,0.258,-0.29125,96.717,96.2991
27000,53.7411,62.0975,70.2635,75.8056,97.6886,53.0322,16.8857,17.0378,11.9445,7.29911,4.78881,11.2772,1.96772,0.305704,-0.05,96.717,96.2991
26940,53.3657,61.4184,69.4928,76.717,98.4269,52.2289,16.8778,17.0753,12.0673,7.29442,4.80713,11.211,1.96664,0.330383,-0.22075,96.717,96.2991
26880,53.2564,62.4161,68.9723,75.6413,97.5668,51.6979,16.9097,17.0481,11.9626,7.19371,4.70418,11.3453,2.02866,0.205823,0.016,97.0432,96.7722
26820,54.3435,61.2954,70.2219,75.6596,97.5734,52.9844,16.883,17.0505,11.9514,7.22978,4.78395,11.1833,1.96985,-0.169858,-0.24125,97.0432,96.7722
26760,54.1422,63.6431,69.6925,75.8932,97.7508,52.4569,16.9376,17.0583,11.9623,7.24822,4.79762,11.4541,2.04123,0.02475,0.32375,97.0432,96.7722
26700,53.2587,64.478,70.2148,75.8565,97.7233,52.9911,16.9605,17.0609,11.9503,7.16506,4.76092,11.5692,2.09637,-0.0905,0.52475,97.0432,96.7722
26640,54.0373,60.7195,69.9697,75.0934,97.1019,52.7559,16.8655,17.0314,11.9267,7.11356,4.72283,11.1426,1.98241,-0.45825,-0.362,97.0432,96.7722
26580,53.5514,62.3124,69.3514,76.9466,98.5829,52.1312,16.9037,17.0933,12.1145,7.13026,4.8107,11.3273,2.02778,-0.12925,0.017,96.6291,96.3194
26520,54.9323,61.423,69.2104,75.0319,97.0675,51.9801,16.8867,17.0339,11.9036,7.33619,4.79565,11.1772,1.9577,0.15575,-0.194749,96.6291,96.3194
26460,54.727,61.5096,68.7531,76.1526,97.9452,51.535,16.8767,17.0607,12.0449,7.19592,4.83938,11.2212,1.98214,0.12625,-0.035328,96.6291,96.3194
26400,54.3769,62.4816,68.9176,75.5173,97.4316,51.6989,16.8919,17.0299,11.9616,7.20797,4.76442,11.3354,2.00147,0.02975,0.0635,96.6291,96.3194
26340,53.229,65.3044,69.5431,77.6614,99.1617,52.3117,16.9647,17.1041,12.134,7.17699,4.83985,11.669,2.09642,0.301751,0.72075,96.6291,96.3194
26280,54.3168,63.6731,69.4175,76.4206,98.1808,52.166,16.9333,17.0691,12.019,7.27555,4.81595,11.4566,2.03325,-0.00620639,0.3245,96.763,96.2751
26220,53.8399,63.3198,69.5717,76.8846,98.5495,52.327,16.929,17.0894,12.0859,7.0832,4.77194,11.4524,2.06728,-0.269521,0.242,96.763,96.2751
26160,53.2386,62.0008,68.8853,76.414,98.1699,51.6334,16.8996,17.0764,12.0652,7.16995,4.79064,11.2852,2.01299,-0.213379,-0.0685,96.763,96.2751
26100,52.8569,61.1786,69.4323,76.8046,98.4765,52.2022,16.8787,17.0899,12.1116,7.09674,4.78421,11.208,2.00682,-0.125,-0.256,96.763,96.2751
26040,52.8166,62.2424,68.932,77.8983,99.3443,51.7017,16.9,17.123,12.2122,7.31271,4.92597,11.2932,1.99615,0.3695,0.030069,96.763,96.2751
25980,53.2535,63.2682,68.8994,76.6647,98.3525,51.6735,16.9201,17.0779,12.0965,7.05693,4.82149,11.4487,2.07099,-0.48625,0.384264,97.2316,96.6228
25920,53.3782,60.4912,70.2126,76.6275,98.3305,53,16.8558,17.0768,12.0618,7.27617,4.83318,11.0957,1.93538,0.3085,-0.4205,97.2316,96.6228
25860,54.0363,61.1926,68.8588,76.9227,98.571,51.6181,16.8754,17.0897,12.1082,7.35481,4.87754,11.1599,1.94466,0.49825,-0.25375,97.2316,96.6228
25800,55.0487,61.8633,70.1363,76.5863,98.3049,52.9149,16.8935,17.0803,12.0377,7.28089,4.84877,11.2383,1.96838,0.18825,-0.0965,97.2316,96.6228
25740,53.4836,61.4434,69.3208,75.2024,97.1928,52.0917,16.8829,17.0343,11.9324,7.16803,4.72829,11.2204,1.99135,-0.04,-0.19325,97.2316,96.6228
25680,54.7804,63.1895,69.1536,76.4834,98.2213,51.9199,16.9243,17.0766,12.0504,7.20854,4.8231,11.4094,2.03363,-0.14725,0.222,96.7392,96.618
25620,53.3201,61.4337,68.4332,75.5838,97.4946,51.1959,16.8783,17.044,12.0051,7.10959,4.77319,11.2343,2.0084,-0.174,-0.0621463,96.7392,96.618
25560,54.178,64.0957,68.7225,76.0372,97.8503,51.4884,16.9365,17.0521,11.9813,7.37364,4.83487,11.4925,2.01706,0.55975,0.43975,96.7392,96.618
25500,54.1413,61.871,69.2538,78.0259,99.4547,52.0156,16.8916,17.1253,12.223,7.19456,4.88689,11.2637,1.99025,-0.03225,-0.09775,96.7392,96.618
25440,53.4097,61.02,70.4637,75.0724,97.1047,53.2404,16.8781,17.0335,11.8882,7.21485,4.72647,11.1654,1.97068,0.12675,-0.3035,96.7392,96.618
25380,54.2124,62.3539,69.7619,76.9753,98.6191,52.5438,16.9065,17.0958,12.1034,7.11939,4.8123,11.3362,2.03179,0.0335,0.059262,96.8144,96.4745
25320,55.0525,62.7281,69.8665,76.4728,98.2169,52.6535,16.9108,17.0749,12.0352,7.2893,4.89861,11.3389,2.00151,-0.04875,0.217567,96.8144,96.4745
25260,53.2818,60.1289,69.6495,75.5289,97.4517,52.4374,16.8401,17.0347,11.9907,7.10586,4.80186,11.086,1.96191,-0.38275,-0.272389,96.8144,96.4745
25200,53.2079,63.1057,69.3008,76.8005,98.4687,52.0701,16.909,17.0724,12.0788,7.18051,4.79934,11.4177,2.0258,0.0915,0.1995,96.8144,96.4745
25140,54.8275,61.959,69.6814,76.7209,98.4305,52.4277,16.896,17.0817,12.0616,7.33684,4.83773,11.2548,1.97435,0.0169164,-0.08875,96.8144,96.4745
25080,53.1751,61.7468,68.7894,77.0375,98.6863,51.5267,16.8957,17.0988,12.1406,7.16079,4.79249,11.2681,2.0206,-0.174939,-0.1335,96.5486,96.3325
25020,53.4484,61.9424,70.1231,76.6415,98.357,52.9057,16.8942,17.0816,12.0646,7.10461,4.78562,11.2873,2.01715,-0.053,-0.0359136,96.5486,96.3325
24960,54.0304,61.3198,68.9765,75.6583,97.5635,51.7425,16.8744,17.0438,11.9787,7.27355,4.78714,11.1854,1.95781,0.17325,-0.22175,96.5486,96.3325
24900,54.3831,61.7668,70.7371,76.4854,98.2332,53.5258,16.8871,17.0728,12.0227,7.21575,4.80588,11.2452,1.98386,0.156,-0.11925,96.5486,96.3325
24840,54.5829,63.011,69.4478,76.5717,98.2961,52.2115,16.9134,17.0715,12.0523,7.1775,4.8063,11.3939,2.02562,-0.181486,0.17475,96.5486,96.3325
24780,54.5275,64.1566,68.6916,76.0178,97.85,51.4366,16.941,17.0524,11.9815,7.29887,4.80636,11.5029,2.03229,0.149101,0.4435,96.8038,96.2703
24720,54.0275,63.3338,68.3087,75.31,97.2878,51.0429,16.9279,17.0355,11.9359,7.18181,4.71137,11.4377,2.04547,0.0377747,0.246,96.8038,96.2703
24660,52.7814,62.8449,69.5812,77.4351,98.9927,52.3414,16.9215,17.1129,12.1528,7.13098,4.79856,11.4021,2.06332,0.0929387,0.13325,96.8038,96.2703
24600,53.8537,60.2614,69.3999,76.0369,97.8631,52.1725,16.854,17.0625,12.0421,7.09881,4.76265,11.0874,1.96926,-0.3275,-0.469198,96.8038,96.2703
24540,52.8232,63.6591,68.9299,77.5539,99.0654,51.6983,16.9299,17.1069,12.1835,7.02887,4.80697,11.4987,2.08335,-0.4745,0.33625,96.8038,96.2703
24480,52.7883,61.3585,70.3453,75.5981,97.5121,53.1266,16.88,17.0457,11.9532,7.19623,4.75609,11.2056,1.98784,-0.110126,-0.217,96.8167,96.2627
24420,54.7495,61.7986,70.8904,74.6711,96.7715,53.6791,16.8924,17.017,11.8306,7.18996,4.71136,11.2519,1.99466,-0.0785,-0.11275,96.8167,96.2627
24360,54.2055,62.7427,69.812,76.0364,97.8614,52.5856,16.9162,17.0639,11.9823,7.26696,4.80525,11.3448,2.00664,0.174,0.11325,96.8167,96.2627
24300,54.2786,63.1035,69.7848,75.4159,97.3645,52.5632,16.9247,17.0441,11.922,7.24822,4.77875,11.3888,2.02933,-0.04925,0.20375,96.8167,96.2627
24240,52.4718,62.6871,69.182,76.5454,98.2612,51.9603,16.9104,17.0782,12.0612,7.28729,4.82851,11.3492,2.0164,0.33525,0.10975,96.8167,96.2627
24180,54.9326,61.8042,69.4088,76.8839,98.5309,52.192,16.8871,17.0873,12.1039,7.20137,4.85087,11.242,1.98202,-0.189,-0.0995,96.6658,96.5927
24120,54.5621,63.5499,69.6635,75.9298,97.7681,52.4494,16.927,17.053,11.9682,7.26426,4.80552,11.4399,2.02526,0.16575,0.31325,96.6658,96.5927
24060,53.3267,61.6025,69.7535,75.7591,97.6422,52.529,16.8833,17.049,11.9909,7.12607,4.74901,11.2495,2.00859,-0.3755,-0.156,96.6658,96.5927
24000,53.6136,62.0077,69.7912,76.2539,98.0347,52.5709,16.8917,17.0643,12.04,7.03701,4.7452,11.3051,2.02761,-0.4595,-0.0585,96.6658,96.5927
23940,54.1536,61.0853,69.4785,75.6392,97.547,52.244,16.8717,17.045,11.983,7.11487,4.73738,11.1884,1.98487,-0.3105,-0.283,96.6658,96.5927
23880,54.0464,61.0857,69.7229,75.9872,97.8313,52.4896,16.8751,17.06,11.9958,7.25814,4.79386,11.1608,1.95827,0.2645,-0.284,96.3045,96.0524
23820,54.4584,63.3723,69.8167,75.7071,97.6043,52.5892,16.9291,17.0506,11.9492,7.18115,4.7686,11.4303,2.0405,-0.1655,0.26225,96.3045,96.0524
23760,55.5681,62.0076,69.7561,75.4831,97.4206,52.5317,16.8938,17.0407,11.9272,7.31894,4.81156,11.2457,1.96242,0.1045,-0.06025,96.3045,96.0524
23700,54.6155,62.6507,68.3095,76.0958,97.9009,51.0671,16.905,17.0569,12.0303,7.24654,4.81938,11.3379,1.99516,-0.17025,0.0945,96.3045,96.0524
23640,54.9333,62.6703,69.3255,76.0399,97.8752,52.088,16.9137,17.0635,11.9945,7.25,4.80498,11.3389,2.00748,0.1645,0.09625,96.3045,96.0524
23580,53.403,62.3484,69.5379,75.4783,97.4129,52.3153,16.8995,17.0385,11.9448,7.23731,4.77494,11.3093,1.99946,-0.088,0.0235,96.7801,96.349
23520,54.6526,62.3348,69.427,75.8199,97.6861,52.2,16.899,17.0494,11.9791,7.21405,4.78489,11.3078,1.99676,-0.02775,0.018,96.7801,96.349
23460,54.143,62.0523,68.2172,75.5718,97.4993,50.9553,16.898,17.0457,11.977,7.20511,4.75577,11.2799,1.99176,0.097,-0.05675,96.7801,96.349
23400,53.9579,62.1996,68.9235,76.5847,98.3137,51.6778,16.9039,17.0831,12.0736,7.19115,4.80572,11.2995,2.0102,0.099,-0.01725,96.7801,96.349
23340,53.541,61.833,69.6193,74.7451,96.8273,52.4012,16.8865,17.0142,11.8806,7.13227,4.69191,11.2766,2.01503,-0.12025,-0.096,96.7801,96.349
23280,54.9732,61.0615,69.2536,76.3899,98.1315,52.029,16.8611,17.0607,12.0605,7.22089,4.83198,11.1571,1.94594,-0.27975,-0.2825,97.03,96.3534
23220,53.1082,63.5213,69.4087,76.9164,98.566,52.1641,16.9287,17.0851,12.0755,7.22101,4.824,11.4485,2.0325,0.14775,0.2895,97.03,96.3534
23160,53.9549,61.8174,68.7241,76.5846,98.3028,51.4601,16.8959,17.0815,12.0779,7.17409,4.79938,11.256,1.99254,-0.10225,-0.1205,97.03,96.3534
23100,54.0565,63.0631,70.35,75.9013,97.7583,53.1217,16.9318,17.0663,11.9637,7.08871,4.732,11.4144,2.05718,-0.16675,0.18025,97.03,96.3534
23040,54.3054,60.8438,69.3327,74.4993,96.6316,52.1027,16.8815,17.025,11.8629,7.17116,4.69349,11.1447,1.98245,0.0265,-0.336,97.03,96.3534
22980,53.1977,62.5386,69.6105,75.1769,97.1555,52.4128,16.9128,17.0411,11.9164,7.20531,4.72865,11.3476,2.0352,0.36925,0.083,96.63,96.0796
22920,54.5002,62.0314,69.5904,75.137,97.1183,52.4046,16.892,17.0316,11.9083,7.30594,4.78222,11.2605,1.97853,0.369,-0.03225,96.63,96.0796
22860,53.0493,63.2012,69.7273,76.6495,98.3392,52.5361,16.9158,17.077,12.0596,7.27153,4.84161,11.4104,2.02593,0.2755,0.24325,96.63,96.0796
22800,53.6142,61.4579,69.1857,75.646,97.5371,51.9823,16.8672,17.035,11.9974,7.13716,4.7559,11.2312,1.98585,-0.34,-0.1755,96.63,96.0796
22740,55.4101,62.9183,69.4984,75.8789,97.7476,52.273,16.907,17.045,11.9685,7.24304,4.8025,11.366,1.99603,0.05275,0.15725,96.63,96.0796
22680,54.993,62.2309,68.7583,76.6004,98.3273,51.5053,16.8904,17.067,12.0806,7.14127,4.81013,11.3057,1.99595,-0.42625,-0.01425,97.039,96.1949
22620,53.5132,64.2037,69.3992,75.7263,97.6346,52.14,16.9415,17.0402,11.9286,7.36268,4.78691,11.5135,2.0346,0.415399,0.4455,97.039,96.1949
22560,53.0511,61.5008,68.8523,75.9122,97.7865,51.5794,16.8838,17.0534,12.0039,7.2295,4.73313,11.2358,1.99367,0.308645,-0.199,97.039,96.1949
22500,53.4288,60.4461,69.1912,76.7564,98.4488,51.9382,16.8564,17.0808,12.0884,7.32505,4.85183,11.0773,1.92209,0.400653,-0.442,97.039,96.1949
22440,53.021,63.3554,69.2685,75.9286,97.7881,52.0111,16.9302,17.0569,11.9831,7.20119,4.76697,11.4361,2.04639,-0.131655,0.246,97.039,96.1949
22380,53.6959,62.4803,68.8065,76.1658,97.9756,51.5476,16.912,17.0693,12.0425,7.10187,4.76466,11.3481,2.04614,-0.4045,0.0445,96.8819,96.5919
22320,53.817,62.8609,69.7247,76.2228,98.0047,52.4967,16.9175,17.0688,12.0171,7.11389,4.75972,11.3939,2.04798,-0.0215,0.14125,96.8819,96.5919
22260,53.6312,61.9621,69.3712,77.6001,99.1098,52.1365,16.9004,17.1186,12.1762,7.19998,4.88045,11.2615,1.99655,-0.1715,-0.07525,96.8819,96.5919
22200,53.6916,61.3805,69.1025,75.2523,97.2273,51.8731,16.8868,17.043,11.9479,7.12394,4.71299,11.2202,2.00873,0.05775,-0.204,96.8819,96.5919
22140,55.2076,62.2572,70.2574,76.8952,98.5355,53.0592,16.9037,17.0945,12.0749,7.2523,4.86353,11.2894,1.99471,0.171,0.00975,96.8819,96.5919
22080,54.2121,62.3718,69.149,75.6991,97.5696,51.9429,16.8999,17.0489,11.9866,7.16454,4.77138,11.3234,2.01739,-0.08275,0.04325,96.6088,96.4124
22020,53.4966,62.7668,69.5041,74.5837,96.6815,52.3007,16.9063,17.0075,11.8411,7.29439,4.74444,11.3518,2.00081,0.2915,0.13325,96.6088,96.4124
21960,54.5054,62.2465,68.7036,75.6783,97.5663,51.4777,16.8946,17.0444,12.0011,7.06171,4.73451,11.3258,2.02811,-0.3515,0.00725,96.6088,96.4124
21900,54.1194,61.9327,69.2119,76.4629,98.1992,51.9829,16.8872,17.0685,12.074,7.10273,4.80335,11.2758,2.00185,-0.66075,-0.0765,96.6088,96.4124
21840,53.4044,64.6036,68.3566,75.5838,97.508,51.098,16.9564,17.0438,11.9484,7.23329,4.76178,11.5733,2.07452,0.2315,0.55175,96.6088,96.4124
21780,55.1367,60.4131,69.0946,76.9668,98.6125,51.8489,16.8579,17.091,12.0996,7.42217,4.90618,11.0505,1.89388,0.7235,-0.447,96.5383,96.448
21720,54.8024,62.2065,68.3702,76.3598,98.1189,51.119,16.9,17.071,12.0579,7.13756,4.77734,11.3077,2.00409,0.114,-0.01625,96.5383,96.448
21660,54.3717,61.2516,70.0683,77.4759,99.0151,52.8444,16.8802,17.1111,12.1408,7.29458,4.89451,11.1693,1.95027,0.315,-0.24475,96.5383,96.448
21600,54.2895,61.9682,70.5447,75.2055,97.2096,53.3251,16.9034,17.0415,11.8959,7.20882,4.75953,11.2629,1.99966,-0.251,-0.0765,96.5383,96.448
21540,54.3935,62.2129,68.5226,74.5007,96.6297,51.2915,16.9011,17.0133,11.8729,7.16708,4.70136,11.309,2.02091,-0.027,-0.0005,96.5383,96.448
21480,54.6987,63.2534,69.8425,76.3042,98.0619,52.6436,16.9161,17.0632,12.0143,7.22513,4.82866,11.4084,2.01753,-0.0025,0.24925,96.7254,96.4972
21420,55.0887,64.3834,70.2735,74.7255,96.8078,53.0719,16.944,17.0101,11.8186,7.18034,4.71525,11.5482,2.0594,0.13825,0.51125,96.7254,96.4972
21360,53.8765,61.2918,69.6497,76.4197,98.1812,52.4129,16.876,17.07,12.0477,7.251,4.83099,11.1862,1.9632,-0.064,-0.237,96.7254,96.4972
21300,53.964,62.3626,68.8185,75.9857,97.8303,51.568,16.9019,17.0561,12.0108,7.16786,4.77056,11.3249,2.01262,-0.0145,0.018,96.7254,96.4972
21240,54.8797,62.3258,69.5579,76.0423,97.8696,52.3217,16.9012,17.0575,11.9881,7.18371,4.78106,11.3099,1.99067,0.10825,0.0065,96.7254,96.4972
21180,55.7543,61.7714,69.7993,74.3801,96.5501,52.5588,16.894,17.0077,11.7873,7.49465,4.81245,11.1841,1.91816,0.522,-0.1285,96.841,96.149
21120,54.5329,61.9374,69.1593,74.9016,96.9576,51.9248,16.8952,17.0251,11.8857,7.24107,4.74096,11.2593,1.98735,0.254,-0.07625,96.841,96.149
21060,54.0693,63.7185,69.348,76.1871,97.9828,52.1208,16.9352,17.0652,12.0145,7.14578,4.78585,11.482,2.06155,-0.239,0.3475,96.841,96.149
21000,55.0708,62.6898,69.4017,75.7468,97.6323,52.1748,16.911,17.0513,11.9786,7.1478,4.77771,11.3556,2.0256,-0.40025,0.1045,96.841,96.149
20940,55.8488,63.125,69.408,77.0303,98.6566,52.1852,16.9189,17.0913,12.1083,7.10841,4.83531,11.4098,2.03616,-0.43425,0.208,96.841,96.149
20880,53.6311,61.7029,69.6823,75.4437,97.3897,52.4616,16.8816,17.0354,11.9645,7.12547,4.75632,11.2545,2.00943,-0.661,-0.12825,96.8407,96.2219
20820,54.2378,61.9026,70.338,75.5632,97.4741,53.1316,16.8816,17.0336,11.9341,7.20078,4.76918,11.2606,1.97615,-0.00375,-0.0835,96.8407,96.2219
20760,52.9453,62.3144,69.5757,77.8292,99.3054,52.3252,16.9033,17.1178,12.1871,7.1706,4.86357,11.3175,2.00701,-0.1195,-0.004,96.8407,96.2219
20700,53.2159,61.963,70.1664,76.3978,98.1668,52.9243,16.9034,17.0796,12.0258,7.17596,4.7854,11.2775,2.01092,0.04025,-0.086,96.8407,96.2219
20640,54.9208,62.5191,69.3059,76.6799,98.3777,52.0702,16.9136,17.0886,12.0596,7.26118,4.83675,11.3211,2.0056,0.42575,0.059,96.8407,96.2219
20580,55.1273,63.0562,69.7932,74.8774,96.9298,52.5755,16.9242,17.0271,11.8513,7.33142,4.78484,11.3631,2.00295,0.231,0.19175,96.4541,96.6235
20520,54.6182,63.5729,68.0102,77.2026,98.7903,50.7647,16.9352,17.1045,12.1437,7.28588,4.89642,11.4308,2.03391,0.08675,0.3205,96.4541,96.6235
20460,54.0584,61.1298,69.5792,75.3255,97.2676,52.3787,16.8649,17.0299,11.9268,7.3523,4.80084,11.1532,1.93436,0.54475,-0.25575,96.4541,96.6235
20400,54.3354,62.3457,69.8119,74.3754,96.5195,52.6008,16.8974,17.0007,11.8048,7.36972,4.76428,11.2821,1.96872,0.3815,0.027,96.4541,96.6235
20340,52.7594,64.0181,70.728,74.6393,96.7419,53.5206,16.9435,17.0137,11.8067,7.21899,4.71095,11.5077,2.06028,0.0625,0.4145,96.4541,96.6235
20280,53.84,63.1036,69.3275,75.5083,97.4407,52.0958,16.9254,17.0476,11.9512,7.05262,4.70492,11.4271,2.06583,-0.146,0.2005,96.846,96.6397
20220,53.1554,61.0944,68.9492,75.0002,97.0258,51.7207,16.873,17.0266,11.9276,7.16752,4.72348,11.1825,1.98292,-0.132,-0.2735,96.846,96.6397
20160,53.5102,60.7749,69.8068,75.4571,97.3971,52.593,16.8668,17.0439,11.9604,7.18232,4.75275,11.1425,1.9765,-0.0235,-0.347,96.846,96.6397
20100,54.1559,61.9411,69.8267,76.2124,97.9855,52.6259,16.8844,17.0597,12.0324,7.11498,4.78025,11.2829,2.00797,-0.219,-0.06275,96.846,96.6397
20040,53.9837,60.3501,69.9416,76.7219,98.4033,52.7262,16.8479,17.0758,12.0875,7.23302,4.8466,11.0802,1.9332,-0.083,-0.452,96.846,96.6397
19980,53.0009,60.1053,69.5985,76.4113,98.1598,52.3653,16.845,17.0671,12.0782,7.12239,4.79314,11.0726,1.95396,-0.5255,-0.517,96.7796,96.4647
19920,55.0749,62.6868,68.4883,76.5251,98.2515,51.2295,16.9104,17.0742,12.0673,7.1893,4.82091,11.3477,2.01099,-0.171,0.0935,96.7796,96.4647
19860,54.2194,62.7638,69.3589,75.8161,97.6849,52.1129,16.9161,17.0546,11.9667,7.28108,4.80596,11.345,2.00592,0.0835,0.11125,96.7796,96.4647
19800,53.9406,62.7766,69.2479,75.9062,97.7519,52.0081,16.9194,17.0618,12.0107,7.03406,4.74465,11.3851,2.06257,-0.7815,0.1185,96.7796,96.4647
19740,53.3463,62.6575,69.0268,74.8907,96.9347,51.7911,16.9177,17.0306,11.892,7.20005,4.73435,11.3453,2.02829,-0.114,0.096,96.7796,96.4647
19680,54.9173,61.2254,69.7464,76.845,98.4899,52.5353,16.8819,17.0953,12.103,7.20005,4.85547,11.1764,1.97873,-0.25175,-0.238,97.0141,96.3444
19620,55.4317,63.0077,69.1171,76.0266,97.8264,51.9056,16.9193,17.0642,11.9979,7.34412,4.8632,11.3564,2.00225,0.20075,0.194231,97.0141,96.3444
19560,54.9879,61.2182,69.5884,75.144,97.1152,52.3894,16.8728,17.03,11.9095,7.40332,4.83761,11.1413,1.92574,0.14575,-0.23375,97.0141,96.3444
19500,54.2993,64.4633,69.7427,76.4687,98.1949,52.5334,16.9579,17.0819,12.0178,7.30405,4.85914,11.5325,2.05846,0.1615,0.535,97.0141,96.3444
19440,52.8067,60.9623,69.5257,76.0967,97.895,52.3199,16.8718,17.0668,12.0346,7.21755,4.8005,11.1626,1.97701,0.10325,-0.286702,97.0141,96.3444
19380,54.5344,62.0395,69.2211,75.6042,97.5074,52.0095,16.8958,17.0492,11.9651,7.3428,4.87406,11.2552,1.97875,0.231,0.0693923,96.6272,96.2472
19320,54.2196,62.1725,70.1729,75.4243,97.3538,52.9881,16.89,17.0344,11.9425,7.06969,4.79974,11.3246,2.02474,-0.14375,0.274308,96.6272,96.2472
19260,53.5803,61.1795,69.5643,74.1737,96.3661,52.3518,16.8669,16.9905,11.8122,7.27568,4.74569,11.1757,1.94992,0.18675,-0.12161,96.6272,96.2472
19200,54.3646,63.0763,69.6936,75.3438,97.3203,52.4654,16.9183,17.0346,11.9106,7.21586,4.75234,11.3935,2.0173,0.0297512,0.19175,96.6272,96.2472
19140,54.776,63.3279,70.1712,75.7744,97.6659,52.9491,16.9237,17.0479,11.9465,7.17506,4.75813,11.4326,2.03603,-0.0440161,0.24975,96.6272,96.2472
19080,53.7758,63.8719,69.2227,75.7578,97.6588,51.977,16.9378,17.0476,11.9624,7.21549,4.76638,11.4923,2.05365,-0.19089,0.37525,96.7042,96.5206
19020,52.2799,62.0226,69.5193,77.0946,98.734,52.2767,16.8955,17.0946,12.1268,7.10137,4.78132,11.3092,2.03067,-0.000157902,-0.06275,96.7042,96.5206
18960,54.5784,62.0594,69.9204,75.7322,97.6312,52.6912,16.8898,17.0423,11.9488,7.25703,4.78295,11.2698,1.97371,0.22,-0.0525,96.7042,96.5206
18900,55.132,62.962,69.2293,75.8948,97.7562,51.9819,16.9095,17.0449,11.9694,7.2996,4.80795,11.3677,1.99258,0.0972493,0.1585,96.7042,96.5206
18840,52.4663,62.2666,69.7516,75.9227,97.7835,52.5018,16.8988,17.0509,11.9844,7.20967,4.73404,11.3297,2.02172,0.125042,-0.0135,96.7042,96.5206
18780,53.2626,62.9339,69.923,74.9105,96.9788,52.6765,16.9231,17.0262,11.8496,7.26049,4.69074,11.3875,2.02978,0.603273,0.1455,96.5574,96.2469
18720,54.4148,61.061,70.4862,77.102,98.7246,53.2635,16.8783,17.1011,12.0989,7.16955,4.81977,11.1704,1.97192,0.21925,-0.29175,96.5574,96.2469
18660,53.0913,64.6216,69.8734,75.6513,97.5531,52.6508,16.9596,17.0503,11.9294,7.14635,4.72903,11.5908,2.09807,0.2105,0.56225,96.5574,96.2469
18600,54.8012,60.3431,69.3791,75.8473,97.6998,52.1572,16.8538,17.0533,11.9946,7.2608,4.79846,11.0682,1.92107,0.29275,-0.45275,96.5574,96.2469
18540,53.7774,61.5152,70.1582,76.6224,98.333,52.9404,16.8871,17.0842,12.0704,7.16905,4.82505,11.2167,1.99423,-0.43475,-0.17675,96.5574,96.2469
18480,53.954,61.6688,70.2885,74.5894,96.6953,53.0844,16.8862,17.0129,11.8507,7.10826,4.67529,11.2595,2.01222,-0.12925,-0.135,96.2144,96.262
18420,54.7898,64.1266,70.4768,77.1526,98.7515,53.2707,16.9454,17.0985,12.0709,7.25679,4.86174,11.5068,2.04977,0.31975,0.44775,96.2144,96.262
18360,53.5769,63.4189,69.1537,75.6844,97.5744,51.9249,16.9281,17.0487,11.9453,7.33455,4.79957,11.4174,2.01306,0.554,0.2775,96.2144,96.262
18300,54.6258,60.9495,69.24,76.1158,97.9275,52.0088,16.8727,17.0663,12.0211,7.26734,4.81803,11.1343,1.94198,0.17475,-0.312,96.2144,96.262
18240,54.1468,61.2103,68.6049,74.9462,96.9936,51.3657,16.8783,17.0272,11.9205,7.22796,4.74586,11.1783,1.97016,-0.0505,-0.247,96.2144,96.262
18180,54.1547,61.9444,69.1924,75.3776,97.3254,51.9791,16.886,17.0332,11.9443,7.27174,4.78149,11.2591,1.97935,0.18025,-0.0625,96.8615,96.0536
18120,54.2059,64.5505,69.1258,76.2942,98.0699,51.8986,16.9485,17.0622,12.0234,7.13032,4.77837,11.5866,2.08807,-0.19925,0.54825,96.8615,96.0536
18060,54.5061,62.5753,69.3548,75.4504,97.4054,52.1203,16.9033,17.0353,11.9308,7.22739,4.75976,11.3339,2.00104,0.23875,0.0745,96.8615,96.0536
18000,54.383,62.4017,68.484,76.0083,97.8421,51.2322,16.8936,17.0471,12.0093,7.26542,4.81454,11.3041,1.97446,-0.006,0.02975,96.8615,96.0536
17940,54.7451,63.2089,68.9912,75.6473,97.5686,51.729,16.9224,17.0431,11.9379,7.33362,4.78851,11.3918,2.00223,0.39796,0.2115,96.8615,96.0536
17880,53.5237,61.6698,69.135,75.6837,97.5906,51.8805,16.887,17.0467,11.9741,7.12588,4.71715,11.2571,2.00197,0.226363,-0.151,96.2779,96.8135
17820,55.5465,62.8372,69.8668,75.5003,97.4397,52.6227,16.9173,17.0423,11.9181,7.21813,4.78118,11.3509,2.00212,-0.24125,0.1235,96.2779,96.8135
17760,54.1458,63.4926,69.5594,74.9125,96.9725,52.3082,16.9388,17.0296,11.8579,7.25414,4.7423,11.4336,2.0415,0.10325,0.28125,96.2779,96.8135
17700,55.0463,61.0235,69.1026,75.3724,97.3269,51.8607,16.8788,17.045,11.9533,7.23405,4.78563,11.1458,1.95972,-0.31775,-0.2995,96.2779,96.8135
17640,54.365,61.9547,69.2193,74.8556,96.9034,51.9993,16.8983,17.0278,11.895,7.17617,4.72886,11.2682,2.00695,-0.14775,-0.065,96.2779,96.8135
17580,54.9119,62.7598,70.2001,75.5184,97.4382,53.0006,16.9183,17.0516,11.9243,7.26249,4.78713,11.3461,2.01616,0.256,0.12975,96.3502,96.494
17520,54.0782,60.6375,69.6875,75.2849,97.2401,52.4929,16.8587,17.0353,11.9485,7.22027,4.78027,11.1185,1.95861,-0.02775,-0.328488,96.3502,96.494
17460,54.243,61.4042,68.9621,76.4216,98.1468,51.7577,16.8706,17.0666,12.0731,7.20462,4.81389,11.2106,1.97508,0.117,-0.18525,96.3502,96.494
17400,53.9308,60.7955,69.2651,77.0212,98.6425,52.0462,16.8571,17.0854,12.1256,7.3071,4.88356,11.1191,1.9328,0.14225,-0.3405,96.3502,96.494
17340,54.3015,60.5979,69.639,76.0586,97.8824,52.4108,16.8544,17.0531,12.01,7.32681,4.83623,11.094,1.9212,0.1185,-0.39825,96.3502,96.494
17280,54.0418,62.3079,69.7735,76.3502,98.1148,52.5467,16.8966,17.0642,12.0308,7.13094,4.77473,11.3219,2.01059,-0.08975,0.00775,96.6314,96.3004
17220,54.7681,63.2804,69.0279,75.3694,97.3437,51.77,16.9269,17.0377,11.9228,7.20854,4.76567,11.4073,2.02397,-0.229,0.23175,96.6314,96.3004
17160,54.2087,62.4272,69.0262,76.1034,97.9256,51.7708,16.9066,17.0626,12.0176,7.21034,4.79476,11.3237,2.01536,-0.13175,0.0305,96.6314,96.3004
17100,52.8946,64.4207,69.0455,76.7458,98.4282,51.7983,16.9535,17.0838,12.0739,7.04423,4.75688,11.5845,2.10601,-0.21275,0.507,96.6314,96.3004
17040,54.5317,61.4478,68.3953,75.1026,97.111,51.139,16.8845,17.0314,11.9258,7.27259,4.76579,11.1931,1.96258,0.11225,-0.198,96.6314,96.3004
16980,54.7719,61.4592,70.0489,74.2964,96.4662,52.8258,16.8871,17.008,11.8107,7.27597,4.73807,11.1891,1.96959,-0.12025,-0.19175,96.884,96.339
16920,54.9254,62.3869,69.6895,75.4882,97.4107,52.4711,16.9082,17.0477,11.9453,7.15187,4.75478,11.3195,2.02168,-0.219,0.03375,96.884,96.339
16860,54.1606,62.9184,70.0146,77.3473,98.9051,52.8006,16.924,17.1133,12.1387,7.14104,4.85475,11.3823,2.04825,-0.424,0.16125,96.884,96.339
16800,55.1132,62.367,69.211,75.7962,97.647,52.0035,16.9025,17.0546,12.0019,7.1415,4.79427,11.3203,2.02373,-0.498,0.0642827,96.884,96.339
16740,53.8126,62.4864,69.3199,74.9756,96.9913,52.1162,16.9031,17.0253,11.8965,7.18178,4.73479,11.3354,2.01591,0.25225,0.120197,96.884,96.339
16680,53.4796,63.9217,69.4026,74.5858,96.6874,52.1905,16.9349,17.009,11.8414,7.23967,4.72786,11.4925,2.05636,-0.001,0.40875,96.5191,96.2472
16620,54.255,60.9041,69.4943,76.9093,98.542,52.2805,16.8597,17.0816,12.1034,7.30207,4.86848,11.1326,1.93377,0.29225,-0.315,96.5191,96.2472
16560,53.3199,62.7648,69.9941,75.957,97.7984,52.7671,16.9137,17.0575,11.968,7.26311,4.79323,11.3508,2.00646,0.23575,0.11475,96.5191,96.2472
16500,53.9936,61.0118,68.9604,76.9388,98.5832,51.713,16.875,17.0931,12.1212,7.14481,4.79931,11.1755,1.97444,0.10175,-0.3045,96.5191,96.2472
16440,54.05,60.525,69.387,75.1417,97.1476,52.1517,16.8668,17.0376,11.9322,7.20196,4.74024,11.1064,1.96021,-0.0915,-0.41625,96.5191,96.2472
16380,55.2603,61.7831,69.9964,74.6193,96.7182,52.7916,16.8924,17.0178,11.8572,7.17543,4.73038,11.245,1.99609,-0.427,-0.10625,96.7381,96.7119
16320,55.3038,60.3273,68.6094,75.3101,97.2744,51.3847,16.8569,17.0412,11.9697,7.23294,4.79895,11.0718,1.94118,0.047,-0.392442,96.7381,96.7119
16260,54.0997,61.9461,70.0279,75.4801,97.3997,52.8379,16.8849,17.0364,11.9451,7.22457,4.79259,11.2718,1.99434,0.08475,0.0278035,96.7381,96.7119
16200,53.8565,62.764,69.9533,76.9934,98.6263,52.7422,16.9059,17.0859,12.0864,7.2596,4.84999,11.3611,2.0083,0.2435,0.12525,96.7381,96.7119
16140,53.6356,62.2835,69.7759,76.1026,97.9166,52.5546,16.8943,17.0549,12.01,7.15405,4.77513,11.317,2.00765,-0.23275,0.0055,96.7381,96.7119
16080,53.4426,62.5194,70.7894,75.8712,97.7464,53.5669,16.9068,17.0523,11.9324,7.36569,4.79767,11.3161,1.98352,0.555397,0.05125,96.7963,96.1577
16020,54.4259,61.5967,68.9521,75.4013,97.3702,51.7024,16.8875,17.0404,11.9388,7.26833,4.74348,11.2256,1.97491,0.553696,-0.1645,96.7963,96.1577
15960,55.289,61.7811,68.7807,75.6302,97.5452,51.537,16.8868,17.044,11.9785,7.17453,4.77116,11.2434,1.98141,-0.16875,-0.114,96.7963,96.1577
15900,53.8943,63.2023,69.5344,76.2441,98.0357,52.2997,16.9194,17.0623,12.0123,7.23318,4.80709,11.4104,2.02728,-0.0214897,0.22075,96.7963,96.1577
15840,54.6034,64.3192,69.395,76.1207,97.9378,52.1544,16.9467,17.0581,11.9871,7.20865,4.79815,11.5347,2.05625,-0.177908,0.483,96.7963,96.1577
15780,55.1893,60.8382,69.5455,75.9633,97.8147,52.3036,16.8667,17.0558,11.9931,7.27113,4.80521,11.1251,1.93726,0.213801,-0.347,96.6972,96.1264
15720,53.3851,60.6931,69.2618,75.9695,97.8128,52.0199,16.8625,17.0559,12.0213,7.17319,4.76819,11.1339,1.96654,-0.07575,-0.37825,96.6972,96.1264
15660,54.6007,63.1239,69.5675,75.7539,97.6331,52.3341,16.9203,17.0486,11.9529,7.17877,4.75886,11.4026,2.02395,0.096,0.19975,96.6972,96.1264
15600,54.944,62.1025,68.64,75.2367,97.2292,51.3801,16.9036,17.0389,11.9341,7.16795,4.73437,11.2847,2.00588,-0.09025,-0.04675,96.6972,96.1264
15540,54.9143,62.1535,69.7086,74.9292,96.9608,52.4916,16.8978,17.0235,11.8825,7.13977,4.71227,11.2958,2.00423,-0.08925,-0.02275,96.6972,96.1264
15480,55.6967,62.003,68.5859,76.1107,97.92,51.3372,16.9013,17.0694,12.0177,7.30997,4.84266,11.241,1.96628,0.1405,-0.0635,96.3672,96.5803
15420,55.5113,61.2783,68.8222,75.2458,97.216,51.5975,16.8805,17.0394,11.939,7.25873,4.77007,11.1765,1.96567,0.29275,-0.2245,96.3672,96.5803
15360,53.8603,61.5642,68.5668,76.5964,98.2862,51.3485,16.8797,17.0775,12.0951,7.21816,4.82252,11.224,1.9804,0.206,-0.1505,96.3672,96.5803
15300,55.476,63.0662,69.0897,75.1842,97.1685,51.8695,16.9178,17.0313,11.8961,7.40732,4.83026,11.3503,1.98028,0.3125,0.2005,96.3672,96.5803
15240,53.9032,62.3417,68.3507,75.7555,97.6291,51.115,16.8998,17.0498,12.0001,7.24254,4.78735,11.3103,2.00569,0.156,0.0285,96.3672,96.5803
15180,53.908,62.3562,69.0981,74.1091,96.3039,51.8789,16.8939,16.9882,11.8111,7.20587,4.69,11.3171,2.0024,-0.03175,0.032,96.3487,96.1819
15120,54.5489,60.4705,70.7601,76.2761,98.0543,53.547,16.8565,17.0649,12.0107,7.2667,4.82793,11.0848,1.92506,-0.04525,-0.43275,96.3487,96.1819
15060,53.1947,62.7698,69.8566,75.7818,97.662,52.6288,16.9155,17.0535,11.9531,7.27118,4.78603,11.3539,2.00949,0.2615,0.11675,96.3487,96.1819
15000,53.5885,61.2026,69.9859,76.5739,98.2943,52.7683,16.8771,17.0808,12.0747,7.09157,4.77293,11.2054,2.00607,-0.1245,-0.2475,96.3487,96.1819
14940,52.6095,63.0366,69.8095,75.0791,97.0838,52.5942,16.9127,17.0221,11.8904,7.22278,4.73678,11.3974,2.02941,0.02875,0.18875,96.3487,96.1819
14880,54.1808,62.5801,68.7171,77.1388,98.7373,51.469,16.9068,17.0944,12.121,7.29824,4.88419,11.3166,1.98413,0.101,0.0725,96.4076,96.2934
14820,53.9512,60.8572,69.2595,75.9977,97.8243,52.0189,16.8712,17.0614,12.0026,7.32139,4.81686,11.1232,1.93369,0.33775,-0.341,96.4076,96.2934
14760,54.034,61.6333,70.0208,76.6622,98.3696,52.7913,16.8987,17.0936,12.0521,7.30522,4.85324,11.2114,1.97277,0.263,-0.155,96.4076,96.2934
14700,52.6179,63.0316,69.295,77.074,98.6884,52.0742,16.9276,17.1062,12.1339,7.12493,4.81515,11.4177,2.07651,-0.17725,0.194251,96.4076,96.2934
14640,54.2469,62.7599,69.6163,75.9386,97.7489,52.4328,16.9033,17.0519,12.0015,7.16391,4.80596,11.3745,2.0275,-0.06325,0.254674,96.4076,96.2934
14580,53.1908,63.759,70.0378,76.8167,98.4767,52.8407,16.9315,17.0837,12.0752,7.12542,4.796,11.5016,2.07702,-0.0345,0.37,96.6201,96.4819
14520,53.413,62.4954,69.8054,75.0109,97.0411,52.5922,16.9005,17.021,11.8865,7.24872,4.74162,11.3326,2.0058,0.16675,0.0625,96.6201,96.4819
14460,52.8717,64.9873,68.7118,75.5462,97.4697,51.4742,16.9587,17.0367,11.9503,7.10831,4.7244,11.6385,2.10229,-0.24425,0.65075,96.6201,96.4819
14400,54.4071,62.4419,70.2593,76.3351,98.1143,53.0344,16.9042,17.0674,12.0124,7.14538,4.76946,11.3406,2.0156,0.0109826,0.0345,96.6201,96.4819
14340,53.6058,62.4009,68.8681,76.2473,98.0479,51.6156,16.9043,17.0661,12.0372,7.14328,4.76401,11.3347,2.02003,0.03225,0.02625,96.6201,96.4819
14280,54.7441,60.0632,68.609,76.2494,98.0423,51.3559,16.846,17.0633,12.0652,7.1934,4.80256,11.0502,1.92461,-0.18075,-0.52975,96.4914,95.8211
14220,54.3954,62.3188,69.4444,75.1629,97.1749,52.205,16.9011,17.0289,11.9088,7.19057,4.73719,11.3123,2.00668,-0.07325,0.0085,96.4914,95.8211
14160,53.3035,62.8011,70.0771,76.4976,98.246,52.8437,16.9147,17.0747,12.0266,7.20474,4.7988,11.3676,2.01992,0.10425,0.11925,96.4914,95.8211
14100,54.1863,61.3221,69.5185,76.7242,98.4222,52.28,16.8799,17.0836,12.099,7.04411,4.76781,11.2269,2.01056,-0.4035,-0.22925,96.4914,95.8211
14040,52.3611,62.3597,68.9616,76.3928,98.1485,51.7198,16.9025,17.0705,12.0567,7.11971,4.75238,11.3441,2.03099,0.08925,0.01925,96.4914,95.8211
13980,55.2644,62.4567,69.0495,75.5352,97.4678,51.8051,16.9075,17.0452,11.9603,7.13901,4.75365,11.3267,2.01867,-0.336,0.04425,96.4225,96.1944
13920,54.6621,62.8299,69.5162,75.6388,97.5403,52.2853,16.9123,17.0448,11.9416,7.31,4.80359,11.348,1.999,0.26625,0.1355,96.4225,96.1944
13860,55.5301,63.0528,68.8845,76.6505,98.3475,51.6383,16.9188,17.0789,12.0643,7.19807,4.82782,11.3852,2.01423,-0.08825,0.1845,96.4225,96.1944
13800,53.4017,62.5379,69.8472,76.8884,98.5383,52.6153,16.9123,17.0921,12.0687,7.29406,4.84721,11.3231,1.99838,0.38025,0.0585,96.4225,96.1944
13740,52.5225,62.6719,69.5539,75.748,97.634,52.3163,16.9244,17.0637,11.9649,7.16426,4.73547,11.3631,2.04043,0.201,0.09025,96.4225,96.1944
13680,53.9662,64.1246,68.4747,75.0766,97.0826,51.2454,16.9539,17.0398,11.9213,7.09671,4.71053,11.531,2.09573,-0.31725,0.4545,96.1927,96.7654
13620,53.9961,60.2813,69.8864,76.8584,98.5055,52.6941,16.8571,17.095,12.1141,7.2295,4.84322,11.0797,1.95617,0.152,-0.453,96.1927,96.7654
13560,52.3504,60.5935,69.9139,75.7543,97.5984,52.7469,16.8465,17.0419,12.0106,7.1064,4.72946,11.1514,1.98617,0.1005,-0.3645,96.1927,96.7654
13500,55.3408,61.1507,70.6758,74.9192,96.9524,53.4938,16.8589,17.0092,11.8722,7.29322,4.79043,11.1566,1.93596,-0.249,-0.2495,96.1927,96.7654
13440,53.1668,61.9041,70.2789,75.911,97.7621,53.0639,16.8809,17.043,11.9717,7.23468,4.78049,11.269,1.97972,0.10725,-0.087,96.1927,96.7654
13380,54.3612,62.1339,69.0769,76.9469,98.6102,51.8175,16.8963,17.0863,12.101,7.24309,4.82054,11.2952,1.99983,0.191705,-0.0415,96.4858,96.0572
13320,53.6743,61.6883,69.3189,75.6421,97.5579,52.0669,16.885,17.0424,11.9664,7.24839,4.75933,11.2419,1.98624,0.0286852,-0.14625,96.4858,96.0572
13260,52.654,63.9824,70.0055,75.6451,97.5624,52.7635,16.9441,17.0468,11.9272,7.26414,4.74301,11.5122,2.06945,0.211284,0.398,96.4858,96.0572
13200,53.3476,62.2719,68.9261,73.8217,96.1019,51.6711,16.9064,16.9904,11.7705,7.33834,4.69675,11.2917,1.99407,0.216895,-0.00475,96.4858,96.0572
13140,54.1692,62.3645,69.9557,75.9791,97.822,52.7331,16.9076,17.063,11.9793,7.23114,4.78974,11.3116,2.00873,0.28325,0.0255,96.4858,96.0572
13080,53.6972,61.5406,69.0024,76.2407,98.0137,51.7795,16.8802,17.0643,12.0599,7.12494,4.78563,11.2368,1.99721,-0.395,-0.165,96.434,96.3252
13020,53.2959,62.5656,69.8779,75.2386,97.228,52.6584,16.9095,17.0358,11.9095,7.19923,4.73749,11.3482,2.02674,0.14975,0.076,96.434,96.3252
12960,54.197,62.867,69.061,74.4695,96.5977,51.8399,16.9072,17.0009,11.8473,7.13704,4.69042,11.3877,2.02871,-0.1535,0.15225,96.434,96.3252
12900,52.8696,62.0258,69.4157,76.996,98.6318,52.1865,16.8922,17.0886,12.1232,7.07772,4.78838,11.3109,2.02515,-0.206478,-0.0565,96.434,96.3252
12840,53.7298,61.1766,69.7744,75.3728,97.3398,52.5487,16.874,17.0369,11.9399,7.19056,4.74868,11.1867,1.97726,0.0375415,-0.258,96.434,96.3252
12780,53.7958,61.3995,69.4006,75.2484,97.2346,52.168,16.8746,17.0274,11.9289,7.22186,4.75607,11.207,1.96931,0.00150048,-0.2065,96.3582,95.7986
12720,53.258,62.3905,69.8677,75.6177,97.536,52.635,16.901,17.0417,11.9461,7.21829,4.76439,11.3225,2.00545,0.0427634,0.0245,96.3582,95.7986
12660,54.4732,61.1266,68.8147,76.6141,98.3347,51.5596,16.8749,17.0785,12.0815,7.23924,4.82241,11.1701,1.95782,0.138207,-0.28,96.3582,95.7986
12600,53.9629,62.4574,69.4958,74.8158,96.9001,52.2536,16.9087,17.0216,11.86,7.28366,4.74669,11.3165,2.00053,0.27125,0.04025,96.3582,95.7986
12540,53.099,60.8005,69.4135,76.0309,97.8535,52.1862,16.8614,17.0551,12.0332,7.09247,4.74728,11.1663,1.98331,-0.20125,-0.34775,96.3582,95.7986
12480,53.8698,64.7339,68.4171,75.9971,97.8372,51.1596,16.9603,17.0581,11.9815,7.32015,4.82345,11.5701,2.05736,0.291,0.582,96.3977,96.1839
12420,53.5957,62.9986,69.4239,75.8916,97.7549,52.1879,16.9201,17.0567,11.9835,7.19855,4.78256,11.3914,2.03418,-0.07425,0.17275,96.3977,96.1839
12360,54.326,62.0363,69.1564,77.0346,98.6607,51.9247,16.8932,17.0918,12.1313,7.10529,4.82455,11.2913,2.01597,-0.3725,-0.051,96.3977,96.1839
12300,53.8361,63.4959,69.0993,77.2181,98.8019,51.8651,16.9247,17.0939,12.1133,7.26983,4.8736,11.4323,2.01952,0.27275,0.2945,96.3977,96.1839
12240,54.3497,62.953,69.5428,75.1725,97.1704,52.3057,16.916,17.0285,11.8917,7.2697,4.77709,11.3647,2.00125,-0.0485,0.15725,96.3977,96.1839
12180,53.3496,63.5816,70.4472,75.3773,97.3442,53.2205,16.9394,17.0439,11.875,7.31536,4.76978,11.4379,2.02843,0.66825,0.30475,96.2188,96.1692
12120,53.2904,62.399,69.5884,76.1268,97.9311,52.3623,16.9076,17.0674,12.0247,7.06158,4.74435,11.3475,2.04855,-0.2485,0.03375,96.2188,96.1692
12060,54.5278,63.2752,69.3314,74.7978,96.8588,52.1074,16.925,17.02,11.8469,7.34061,4.76554,11.3975,2.00937,0.58075,0.2455,96.2188,96.1692
12000,54.5907,61.8755,68.9384,75.3683,97.3135,51.7081,16.8913,17.0384,11.9343,7.33733,4.80712,11.2327,1.96043,0.32325,-0.08875,96.2188,96.1692
11940,53.6429,63.1718,69.7098,75.8424,97.6958,52.4949,16.9241,17.0566,11.9666,7.26065,4.80349,11.3985,2.02567,0.119,0.2215,96.2188,96.1692
11880,53.4338,62.1169,68.4719,76.9501,98.5836,51.2373,16.8994,17.0946,12.1352,7.15611,4.828,11.2966,2.01557,-0.1055,-0.027,96.348,96.1292
11820,53.9707,62.5227,70.1212,75.4478,97.3785,52.9237,16.9072,17.0431,11.9345,7.11209,4.72665,11.3534,2.03409,-0.0065,0.072,96.348,96.1292
11760,53.7869,61.2774,70.1361,75.9479,97.7876,52.9335,16.877,17.0588,11.9891,7.28117,4.81381,11.182,1.96718,0.27375,-0.22575,96.348,96.1292
11700,53.6578,63.1177,69.7031,74.7727,96.8402,52.501,16.9127,17.0121,11.8499,7.33194,4.76507,11.387,2.00808,0.43625,0.2175,96.348,96.1292
11640,54.1762,60.6492,68.7258,76.2451,98.0173,51.499,16.849,17.0542,12.0649,7.19134,4.81274,11.1205,1.94044,-0.227,-0.3775,96.348,96.1292
11580,53.5234,61.1097,68.03,75.3836,97.3443,50.7695,16.8678,17.0314,11.9624,7.25128,4.75843,11.1643,1.94397,0.3785,-0.2795,96.2949,96.2835
11520,53.7389,62.0705,69.0844,76.4303,98.1893,51.8323,16.8953,17.0704,12.0678,7.04893,4.76355,11.3078,2.02874,-0.5025,-0.05475,96.2949,96.2835
11460,53.8152,61.5451,69.7035,75.6564,97.5679,52.4613,16.8845,17.0462,11.9618,7.15765,4.75235,11.2269,1.98781,-0.11,-0.181,96.2949,96.2835
11400,54.7989,61.7451,68.9675,77.6376,99.1443,51.7192,16.889,17.1129,12.1938,7.08363,4.83908,11.2603,2.00721,-0.267,-0.129,96.2949,96.2835
11340,54.5482,62.7132,69.7184,76.0711,97.8878,52.4843,16.9129,17.0618,11.989,7.22235,4.80114,11.3484,2.01333,0.04575,0.10275,96.2949,96.2835
11280,55.9538,61.8242,69.7047,75.3605,97.3155,52.4731,16.894,17.041,11.9124,7.30923,4.80524,11.2206,1.96136,0.189,-0.107,96.5281,96.4004
11220,53.9103,63.5338,69.8621,76.7433,98.4179,52.638,16.9367,17.0896,12.0543,7.20652,4.82773,11.4471,2.05113,0.07925,0.30175,96.5281,96.4004
11160,53.7964,63.3548,69.5258,75.9209,97.7619,52.3,16.9351,17.066,11.9803,7.23724,4.8031,11.4195,2.04642,0.00775,0.26375,96.5281,96.4004
11100,53.5237,62.0174,68.8715,76.9823,98.5922,51.6561,16.8951,17.0951,12.1306,7.2481,4.86586,11.2716,2.00475,0.0545,-0.04275,96.5281,96.4004
11040,53.2607,62.975,70.6813,76.9365,98.5661,53.4922,16.92,17.0953,12.0712,7.2322,4.85422,11.3795,2.03255,0.0815,0.182,96.5281,96.4004
10980,53.8883,63.1703,69.8188,75.8663,97.7015,52.6207,16.9183,17.0535,11.976,7.2442,4.80644,11.4044,2.03371,0.04275,0.23175,96.3286,95.8985
10920,54.417,63.9106,69.215,77.8271,99.2672,52.007,16.9327,17.1151,12.1899,7.15003,4.87613,11.5015,2.06138,-0.016,0.407,96.3286,95.8985
10860,54.5114,63.4675,69.2233,76.9067,98.5456,51.9969,16.926,17.0862,12.0831,7.26869,4.8745,11.4221,2.01942,-0.01575,0.291,96.3286,95.8985
10800,55.1173,61.9804,68.9452,76.5639,98.2722,51.7099,16.8934,17.0774,12.0619,7.24599,4.84334,11.2506,1.97072,0.138,-0.0655,96.3286,95.8985
10740,54.908,60.5651,68.7953,76.6425,98.3363,51.5542,16.8621,17.0818,12.0902,7.31125,4.86955,11.0849,1.92576,0.13025,-0.405,96.3286,95.8985
10680,53.8253,63.0375,68.9502,76.302,98.0657,51.7149,16.9243,17.0752,12.051,7.08049,4.775,11.4087,2.06027,-0.41275,0.18875,96.4967,95.9615
10620,54.2394,62.2983,68.9533,77.1335,98.7226,51.7261,16.903,17.099,12.1272,7.31326,4.89489,11.291,1.98601,0.125,0.01375,96.4967,95.9615
10560,54.6038,61.7408,69.9448,75.7593,97.6297,52.7381,16.8929,17.0582,11.9909,7.10384,4.78813,11.2566,2.02054,-0.4855,-0.0732098,96.4967,95.9615
10500,53.3892,62.5795,69.9429,75.6508,97.5305,52.7487,16.9034,17.0451,11.9698,7.13025,4.79987,11.3616,2.03829,-0.27025,0.235326,96.4967,95.9615
10440,54.3206,62.8037,70.2568,76.2214,97.9985,53.0574,16.9111,17.0654,12.0081,7.17601,4.82567,11.3721,2.02766,-0.10425,0.227701,96.4967,95.9615
10380,52.7632,62.9461,68.6203,74.9133,96.9481,51.3929,16.912,17.0185,11.911,7.08709,4.68231,11.4168,2.05149,-0.1165,0.217779,96.0069,96.715
10320,55.8882,62.137,69.4411,76.3389,98.1078,52.2128,16.8996,17.0726,12.0208,7.33962,4.87324,11.2582,1.96592,0.30925,-0.00733429,96.0069,96.715
10260,53.6815,62.4691,69.7162,75.3246,97.2905,52.4999,16.9036,17.0352,11.9153,7.20454,4.76937,11.3314,2.00663,0.32175,0.157633,96.0069,96.715
10200,53.3833,62.3553,68.8825,75.6531,97.5471,51.6544,16.8967,17.0417,11.9851,7.11579,4.77526,11.3359,2.02147,-0.106,0.184338,96.0069,96.715
10140,53.7435,63.5634,69.5889,76.0378,97.8676,52.3571,16.9309,17.0586,11.9969,7.08526,4.734,11.4808,2.06988,-0.247094,0.311856,96.0069,96.715
10080,54.1112,61.4913,69.7248,77.1675,98.783,52.487,16.8866,17.1008,12.1146,7.38438,4.89799,11.1868,1.95262,0.197574,-0.189,96.3056,96.1254
10020,54.2073,63.1171,68.7831,76.5188,98.2534,51.542,16.9214,17.0764,12.0699,7.08433,4.77879,11.4278,2.05362,-0.18725,0.253903,96.3056,96.1254
9960,54.2566,61.0577,69.766,76.9374,98.5936,52.5404,16.8728,17.0908,12.0959,7.2881,4.87176,11.157,1.95379,0.409,-0.232931,96.3056,96.1254
9900,52.9277,60.0201,69.7225,74.9033,96.9553,52.5027,16.841,17.0158,11.8995,7.31365,4.75224,11.0416,1.91812,0.2425,-0.53075,96.3056,96.1254
9840,53.5559,61.5828,69.4368,76.3355,98.1124,52.1993,16.8837,17.0675,12.0579,7.10046,4.76159,11.2522,2.00624,-0.519405,-0.16775,96.3056,96.1254
9780,53.6973,63.2751,70.4767,75.9779,97.8333,53.2569,16.9274,17.0599,11.9814,7.05598,4.72479,11.4552,2.07691,-0.387275,0.2375,96.2795,96.2066
9720,52.7592,61.9018,69.3681,76.3274,98.1056,52.1353,16.8884,17.0658,12.0443,7.19216,4.77944,11.2791,2.00345,0.175,-0.0845,96.2795,96.2066
9660,54.6337,60.373,69.6661,75.9777,97.8204,52.4376,16.8471,17.0484,12.0135,7.21526,4.79379,11.0885,1.93441,-0.153,-0.451,96.2795,96.2066
9600,54.3234,62.6668,69.8777,76.7393,98.441,52.6335,16.9083,17.0782,12.0546,7.31415,4.83644,11.3429,1.99968,0.0393854,0.083,96.2795,96.2066
9540,55.3661,63.1524,68.8192,75.2174,97.2264,51.5586,16.9257,17.0344,11.919,7.15384,4.71118,11.4149,2.04178,-0.162673,0.20125,96.2795,96.2066
9480,55.189,60.596,69.3813,77.0835,98.7132,52.1411,16.8637,17.0964,12.1258,7.20471,4.84087,11.1087,1.94365,0.0985313,-0.4025,96.5738,96.5306
9420,54.6441,62.0772,69.5932,76.353,98.1245,52.3653,16.8954,17.0696,12.0535,7.0272,4.75276,11.3149,2.03309,-0.4995,-0.04375,96.5738,96.5306
9360,52.9992,61.7415,70.1166,73.8357,96.1097,52.8957,16.8835,16.9816,11.7638,7.22837,4.6657,11.2556,1.99587,0.13825,-0.12325,96.5738,96.5306
9300,54.8941,62.2095,70.0865,76.9054,98.5547,52.8674,16.8892,17.0775,12.0739,7.25719,4.85705,11.2878,1.97472,0.0325,-0.01425,96.5738,96.5306
9240,52.4902,64.6655,69.9661,77.4445,99.0007,52.722,16.9576,17.1032,12.116,7.15888,4.82156,11.5991,2.09163,-0.0999503,0.55675,96.5738,96.5306
9180,53.2956,61.8594,68.7489,76.6123,98.3348,51.4859,16.8961,17.0816,12.0815,7.08713,4.75516,11.2829,2.01194,0.05125,-0.1095,96.5667,96.4545
9120,53.4291,63.1428,68.5589,76.2678,98.0599,51.2983,16.9296,17.0744,12.0451,7.15823,4.78363,11.4141,2.05296,-0.25125,0.202,96.5667,96.4545
9060,54.5722,61.8534,69.447,74.4782,96.6154,52.2217,16.8931,17.0114,11.8499,7.17509,4.70732,11.2584,2.00342,-0.2035,-0.092,96.5667,96.4545
9000,54.0576,59.6929,68.8321,76.0183,97.8268,51.6124,16.8315,17.0527,12.0384,7.27868,4.80996,11.0005,1.90165,0.30575,-0.602,96.5667,96.4545
8940,53.373,63.5911,69.0854,74.9148,96.9557,51.8566,16.9281,17.0187,11.8705,7.31767,4.76647,11.4379,2.02152,0.231,0.32,96.5667,96.4545
8880,54.8451,62.7928,69.2149,76.0523,97.8773,51.974,16.9155,17.062,11.9991,7.22866,4.8045,11.3579,2.0112,-0.0555,0.12225,96.0485,96.475
8820,53.0044,61.2671,70.7918,75.9587,97.8009,53.5849,16.88,17.0602,11.9817,7.19881,4.78213,11.1944,1.98173,-0.12575,-0.23875,96.0485,96.475
8760,53.0691,62.2851,68.7965,76.7251,98.4121,51.5604,16.9033,17.0861,12.1035,7.14279,4.79322,11.3274,2.03259,-0.001,0.0095,96.0485,96.475
8700,54.0728,63.0624,69.0196,75.1556,97.1531,51.7929,16.9182,17.0299,11.9106,7.25907,4.76893,11.3852,2.01646,-0.01375,0.195,96.0485,96.475
8640,54.239,60.1027,70.1276,75.541,97.4719,52.9167,16.8507,17.0464,11.9583,7.19769,4.75172,11.0605,1.94394,0.2865,-0.50825,96.0485,96.475
8580,54.7454,62.5245,69.5071,74.3145,96.4776,52.2942,16.8989,16.996,11.8073,7.29861,4.72599,11.323,1.98722,0.40375,0.07175,96.1719,96.1117
8520,54.9162,60.8059,69.8969,76.9327,98.585,52.6747,16.8605,17.0839,12.0766,7.44487,4.91771,11.0926,1.89756,0.64575,-0.347,96.1719,96.1117
8460,54.4098,62.5334,69.4727,76.1645,97.9696,52.2379,16.9017,17.0574,12.0269,7.04156,4.75193,11.3604,2.0317,-0.62525,0.0595,96.1719,96.1117
8400,53.043,64.4514,69.6086,75.784,97.6783,52.3609,16.9551,17.0514,11.9544,7.12132,4.73439,11.5771,2.09601,-0.20825,0.50875,96.1719,96.1117
8340,53.6366,62.4532,69.7796,76.7185,98.4173,52.5448,16.9059,17.0822,12.0588,7.20455,4.80459,11.3329,2.01247,0.30725,0.03925,96.1719,96.1117
8280,52.5635,62.3029,69.029,76.9667,98.608,51.785,16.9008,17.0887,12.1225,7.08536,4.78209,11.3398,2.03538,-0.1945,0.00325,96.5876,96.0981
8220,54.8465,62.7502,69.5214,74.5801,96.6969,52.2882,16.9127,17.0111,11.8302,7.21493,4.71115,11.354,2.00694,0.15025,0.112,96.5876,96.0981
8160,53.3871,61.5675,68.3649,76.3403,98.1005,51.1159,16.884,17.0699,12.0722,7.19456,4.8002,11.2299,1.99166,-0.05275,-0.1655,96.5876,96.0981
8100,54.2113,63.8661,69.5906,77.1853,98.7795,52.362,16.9409,17.1007,12.1188,7.08327,4.81983,11.5019,2.08012,-0.4495,0.38225,96.5876,96.0981
8040,53.2862,62.5621,69.2631,76.1329,97.9342,52.0302,16.9094,17.065,12.027,7.13007,4.76438,11.357,2.03948,-0.211,0.0715,96.5876,96.0981
7980,54.0165,61.1812,69.048,75.1301,97.1252,51.8163,16.8745,17.0304,11.9309,7.2045,4.74422,11.1812,1.97506,-0.013,-0.25325,96.2088,96.56
7920,54.3784,63.4648,70.1168,76.5857,98.2942,52.8984,16.9322,17.0809,12.0377,7.21948,4.8382,11.4354,2.04061,-0.304,0.28425,96.2088,96.56
7860,53.6254,61.9601,69.4385,75.3477,97.293,52.221,16.8934,17.0384,11.9477,7.11659,4.72349,11.2874,2.01835,-0.21075,-0.06575,96.2088,96.56
7800,54.5937,61.4738,69.0708,75.897,97.7272,51.8518,16.8798,17.0553,12.0035,7.25339,4.80777,11.1991,1.96438,0.098,-0.17825,96.2088,96.56
7740,53.683,63.0827,68.9675,76.9097,98.5418,51.7396,16.921,17.0907,12.0972,7.22713,4.84003,11.3947,2.02397,0.0995,0.1985,96.2088,96.56
7680,54.5204,61.5975,70.3599,75.3996,97.346,53.1508,16.8929,17.0482,11.9229,7.25869,4.78039,11.2159,1.98507,0.04025,-0.15525,96.553,96.5226
7620,54.2408,62.5801,68.6848,76.4499,98.1675,51.4651,16.9088,17.0769,12.0774,7.14398,4.80488,11.3507,2.02819,-0.321,0.0875,96.553,96.5226
7560,53.522,62.3492,68.6004,76.0387,97.8411,51.3832,16.9028,17.063,12.0325,7.17024,4.77144,11.3294,2.0211,0.1175,0.034,96.553,96.5226
7500,55.0115,62.0187,70.1913,76.3109,98.0694,53.0004,16.8958,17.0736,12.0342,7.15316,4.80446,11.2845,2.01233,-0.22275,-0.0425,96.553,96.5226
7440,54.1056,60.4392,69.9836,76.247,98.0202,52.7897,16.8545,17.0672,12.0361,7.25253,4.81588,11.092,1.93996,0.28975,-0.41925,96.553,96.5226
7380,54.8402,64.4147,70.3687,76.7145,98.407,53.1707,16.9489,17.0809,12.0242,7.30894,4.87193,11.5281,2.03981,0.1845,0.5205,96.2562,96.2564
7320,53.9008,61.277,69.5617,75.1713,97.1792,52.3447,16.8714,17.0262,11.9268,7.19667,4.74316,11.2004,1.97716,-0.03425,-0.2285,96.2562,96.2564
7260,54.3832,62.5328,69.967,75.1135,97.1316,52.7531,16.8948,17.0169,11.887,7.21639,4.74463,11.3357,1.99679,0.09975,0.06825,96.2562,96.2564
7200,53.9187,62.1953,68.8122,75.4213,97.3768,51.563,16.8836,17.0219,11.9518,7.15574,4.735,11.31,1.99515,-0.11175,-0.0205,96.2562,96.2564
7140,53.4206,62.7269,70.0237,76.0939,97.9199,52.7691,16.9042,17.0488,11.9742,7.30053,4.78025,11.3565,1.99775,0.168751,0.088,96.2562,96.2564
7080,54.3748,62.4734,69.0009,76.0418,97.8951,51.71,16.9145,17.0637,11.9995,7.36806,4.78961,11.3178,2.00941,-0.0145739,0.0225,96.4579,96.3739
7020,53.141,60.4486,68.3388,76.3646,98.1305,51.0705,16.8638,17.0749,12.0873,7.15647,4.76615,11.1112,1.96815,-0.214445,-0.44475,96.4579,96.3739
6960,53.3389,61.1111,69.2426,76.7006,98.4036,51.999,16.8858,17.0949,12.0943,7.17907,4.8092,11.1791,1.99078,0.0972363,-0.278,96.4579,96.3739
6900,54.2021,63.3699,69.4943,75.2474,97.2179,52.2834,16.9276,17.0373,11.9228,7.12041,4.73476,11.4438,2.06366,-0.18375,0.277,96.4579,96.3739
6840,52.8046,62.1422,70.301,75.3221,97.2643,53.1146,16.8897,17.0302,11.9231,7.15396,4.73843,11.3067,2.00921,-0.05025,-0.01525,96.4579,96.3739
6780,53.969,61.696,69.1585,77.4652,98.9988,51.9326,16.8853,17.1066,12.1616,7.2962,4.90378,11.2202,1.96539,0.265,-0.12975,96.7405,95.8973
6720,53.6726,61.6275,69.1777,75.6421,97.5436,51.9487,16.8832,17.0454,11.9744,7.22713,4.78191,11.2252,1.97892,0.10525,-0.1465,96.7405,95.8973
6660,52.921,63.309,69.6507,76.0657,97.8829,52.426,16.9236,17.0584,11.9966,7.19149,4.77693,11.4379,2.04666,-0.082246,0.24775,96.7405,95.8973
6600,54.2475,61.7399,69.9434,76.6497,98.3553,52.7225,16.8881,17.0806,12.0614,7.24316,4.83589,11.2403,1.98562,0.164017,-0.12275,96.7405,95.8973
6540,53.4882,61.9253,69.4707,76.797,98.4691,52.2444,16.8895,17.0824,12.0934,7.15022,4.81127,11.2805,2.00809,-0.00474792,-0.078,96.7405,95.8973
6480,53.5821,62.3241,70.1131,75.632,97.5372,52.896,16.9,17.0441,11.9314,7.22318,4.75068,11.3157,1.99955,0.618802,0.01475,96.6819,96.1842
6420,54.4488,64.0808,69.2223,75.3721,97.3379,51.9804,16.9452,17.0386,11.9123,7.2824,4.78563,11.4958,2.04821,0.0120791,0.43125,96.6819,96.1842
6360,53.6548,61.0216,70.4266,74.513,96.6378,53.2202,16.8685,17.0069,11.8336,7.16873,4.69618,11.1689,1.97065,0.122,-0.292,96.6819,96.1842
6300,52.4572,62.3687,69.9273,76.6226,98.3279,52.7069,16.9013,17.0779,12.0743,7.02176,4.74515,11.3621,2.0604,-0.119088,0.0275,96.6819,96.1842
6240,52.8784,62.748,69.0592,75.598,97.5012,51.8211,16.9071,17.0401,11.9495,7.26212,4.77448,11.3537,2.00488,0.4565,0.1165,96.6819,96.1842
6180,54.4929,62.3343,70.7274,75.3755,97.3356,53.4987,16.9075,17.041,11.8985,7.27106,4.76722,11.304,2.00232,-0.0886904,0.006,96.4677,96.7778
6120,53.8042,62.1441,69.2144,76.5452,98.2744,51.9629,16.9107,17.089,12.0625,7.26825,4.84585,11.2729,2.00214,-0.0679546,-0.03575,96.4677,96.7778
6060,54.4166,63.0479,70.0635,76.9253,98.5651,52.8512,16.9297,17.1014,12.0847,7.11228,4.83051,11.3956,2.04682,-0.31225,0.19025,96.4677,96.7778
6000,54.814,61.5314,69.6913,75.9586,97.7852,52.4866,16.8903,17.0678,12.0084,7.20545,4.8049,11.2182,1.99667,0.0275,-0.16025,96.4677,96.7778
5940,54.9474,62.5732,70.3874,76.4844,98.1943,53.2121,16.9049,17.0763,12.0474,7.13993,4.867,11.3428,2.0253,-0.3725,0.204299,96.4677,96.7778
5880,53.1874,62.0045,70.367,75.4083,97.3394,53.1846,16.8872,17.0356,11.9213,7.25387,4.77626,11.2704,1.98671,0.4415,-0.0131154,96.3229,96.3575
5820,52.4473,63.3455,69.4174,75.7849,97.6481,52.2036,16.9174,17.0434,11.9661,7.26539,4.79552,11.4248,2.021,0.21225,0.26575,96.3229,96.3575
5760,53.7592,61.9521,69.1855,75.598,97.5149,51.9481,16.8923,17.0433,11.9607,7.24423,4.76138,11.2704,1.98766,0.203981,-0.07725,96.3229,96.3575
5700,53.937,61.4377,67.9181,77.5153,99.0551,50.6571,16.8823,17.1105,12.2094,7.1699,4.8535,11.2192,1.99162,-0.00842158,-0.196,96.3229,96.3575
5640,53.9822,62.2119,69.8254,75.0154,97.0444,52.6044,16.8949,17.021,11.8797,7.26036,4.75556,11.29,1.98287,0.17212,-0.01125,96.3229,96.3575
5580,54.482,60.6192,70.4572,75.7082,97.6017,53.2432,16.859,17.0456,11.9641,7.19945,4.75955,11.1256,1.95651,0.0661374,-0.39325,96.4324,96.4009
5520,52.2889,63.0855,69.2876,76.1806,97.9795,52.0545,16.9181,17.0626,12.0317,7.00191,4.70548,11.4483,2.08067,-0.0564978,0.1965,96.4324,96.4009
5460,54.5878,62.6884,69.0879,77.0235,98.657,51.8436,16.9099,17.0908,12.0989,7.28452,4.85738,11.3389,1.99631,0.288433,0.09675,96.4324,96.4009
5400,56.2553,62.6953,69.7358,75.5795,97.5009,52.505,16.9118,17.0451,11.9366,7.23161,4.78174,11.3413,2.00524,-0.009092,0.1005,96.4324,96.4009
5340,54.4163,63.2777,69.4384,75.7963,97.6704,52.2067,16.9253,17.0516,11.9564,7.29368,4.78975,11.4129,2.02072,0.350027,0.23875,96.4324,96.4009
5280,53.9049,62.8016,68.6722,76.4019,98.161,51.43,16.9169,17.0766,12.0707,7.08053,4.75584,11.4007,2.06656,-0.0261111,0.1315,96.3265,96.3811
5220,54.0778,62.4092,69.7063,74.7443,96.8258,52.4902,16.9001,17.0138,11.8572,7.20705,4.73488,11.3173,2.00227,0.156433,0.04075,96.3265,96.3811
5160,53.9854,62.2169,70.0747,75.3369,97.2969,52.86,16.892,17.029,11.9027,7.30015,4.79266,11.2796,1.97161,0.340841,-0.00825,96.3265,96.3811
5100,53.9703,63.8809,69.4489,75.9802,97.8167,52.21,16.9359,17.0537,11.966,7.28118,4.79388,11.4786,2.03578,0.424201,0.381,96.3265,96.3811
5040,54.1383,61.4274,69.0174,76.2363,98.026,51.7614,16.8824,17.0662,12.0255,7.44874,4.86116,11.1736,1.94166,0.372274,-0.20825,96.3265,96.3811
4980,54.2201,62.9582,68.8741,74.9461,96.9927,51.6269,16.9239,17.0302,11.9041,7.09786,4.67573,11.4103,2.06321,-0.139512,0.16225,96.6816,96.2403
4920,53.3582,63.3446,69.3662,75.3114,97.2761,52.1442,16.9308,17.0422,11.9193,7.2135,4.75113,11.4281,2.04728,0.318827,0.26525,96.6816,96.2403
4860,53.7325,61.582,68.9779,76.8847,98.5267,51.7563,16.8832,17.0888,12.1255,7.11781,4.82523,11.2373,1.99785,-0.185199,-0.15275,96.6816,96.2403
4800,53.8299,63.4063,70.5194,75.5872,97.4941,53.3234,16.9267,17.0456,11.9215,7.14872,4.7574,11.4391,2.04327,0.199608,0.2815,96.6816,96.2403
4740,54.1091,62.4876,69.3211,75.8039,97.6657,52.1012,16.9019,17.0495,11.9816,7.14465,4.77165,11.334,2.01245,0.138407,0.062,96.6816,96.2403
4680,54.3772,64.0641,68.8814,76.4625,98.1968,51.6418,16.9405,17.0705,12.031,7.302,4.84192,11.495,2.03555,0.273702,0.4285,96.4986,96.0228
4620,54.14,62.4739,68.4217,75.8894,97.7478,51.1698,16.9086,17.0578,12.0042,7.2889,4.80065,11.3178,2.0028,0.228463,0.04925,96.4986,96.0228
4560,52.1723,60.5849,69.7336,76.4255,98.1772,52.5151,16.8647,17.0783,12.0684,7.12139,4.7677,11.1351,1.98312,0.242314,-0.39375,96.4986,96.0228
4500,55.3113,62.2185,70.0436,75.3534,97.3136,52.8374,16.8964,17.0357,11.9338,7.08359,4.75798,11.3047,2.01572,-0.470057,-0.00025,96.4986,96.0228
4440,55.1075,62.5933,69.8436,77.5328,99.0566,52.6289,16.9006,17.1022,12.1568,7.16065,4.89343,11.3359,2.00627,-0.346901,0.085,96.4986,96.0228
4380,54.9654,62.8697,69.901,76.4565,98.1947,52.6791,16.9054,17.0636,12.0308,7.14734,4.81065,11.3758,2.01688,-0.0946662,0.1465,96.1987,96.3756
4320,54.1072,62.3164,68.2374,76.2918,98.0684,50.9682,16.8962,17.06,12.0323,7.48496,4.87419,11.2729,1.95709,0.607567,0.0045,96.1987,96.3756
4260,54.1141,60.7586,69.879,75.3468,97.3203,52.6375,16.8662,17.0367,11.9358,7.23603,4.7401,11.1366,1.96811,0.101756,-0.365,96.1987,96.3756
4200,53.7787,62.7789,69.9326,76.0072,97.8404,52.7055,16.9145,17.0608,11.9992,7.12443,4.7513,11.3865,2.05879,-0.0866838,0.125,96.1987,96.3756
4140,54.2896,59.9458,69.8362,76.7873,98.4539,52.6178,16.8423,17.0827,12.0974,7.23669,4.84703,11.0308,1.92664,0.297946,-0.54475,96.1987,96.3756
4080,53.3136,61.9094,69.215,76.0389,97.8485,51.9881,16.8863,17.0551,12.0236,7.14467,4.76154,11.2875,2.01773,0.214925,-0.0765,96.3635,96.4379
4020,54.1623,62.4639,70.1048,75.8198,97.6796,52.8846,16.9023,17.0497,11.9625,7.30794,4.81691,11.312,1.99869,0.157178,0.051,96.3635,96.4379
3960,54.0383,61.5056,69.3125,77.1473,98.7415,52.083,16.8813,17.0968,12.1257,7.27816,4.86483,11.2084,1.9735,0.633356,-0.174,96.3635,96.4379
3900,55.7334,62.5466,68.8581,77.294,98.8465,51.6292,16.9013,17.0971,12.1478,7.15316,4.87506,11.33,2.00169,-0.0108385,0.07675,96.3635,96.4379
3840,53.3301,62.0437,69.2053,76.6084,98.3121,51.9701,16.8958,17.0797,12.08,7.18229,4.82844,11.2819,2.00583,0.00110389,-0.04975,96.3635,96.4379
3780,53.6275,61.606,68.896,75.2236,97.2069,51.6616,16.8895,17.039,11.9486,6.95628,4.69769,11.2553,2.01874,-0.00209662,-0.14975,96.0918,96.5528
3720,55.2279,63.0294,69.3611,76.0547,97.8643,52.1424,16.919,17.063,12.0053,7.03616,4.8256,11.3933,2.03527,-0.07425,0.28894,96.0918,96.5528
3660,53.6821,60.3013,70.0254,75.344,97.2955,52.816,16.8522,17.0359,11.9484,7.02557,4.73941,11.0937,1.95527,-0.16375,-0.4615,96.0918,96.5528
3600,55.4543,61.3265,68.9995,76.4663,98.1997,51.7668,16.8788,17.0757,12.0662,7.09417,4.83091,11.1893,1.96411,0.024,-0.21775,96.0918,96.5528
3540,53.276,62.8198,68.7769,77.4699,99.0013,51.544,16.9133,17.1083,12.1698,7.0279,4.84915,11.3882,2.03633,0.252,0.201063,96.0918,96.5528
3480,53.8429,61.8678,69.4016,75.4387,97.3831,52.1747,16.8913,17.0405,11.9394,7.19856,4.80551,11.241,1.97062,0.21425,-0.0898787,96.1052,96.002
3420,53.5688,61.8457,70.0723,75.3051,97.2744,52.8585,16.889,17.0345,11.926,7.0269,4.73492,11.2708,2.00315,-0.143,-0.095,96.1052,96.002
3360,54.2335,62.1904,70.6063,76.9025,98.5588,53.3963,16.898,17.0876,12.0737,7.07802,4.84306,11.2948,2.00021,-0.13075,-0.01675,96.1052,96.002
3300,53.2849,64.0171,69.1112,75.081,97.0909,51.8821,16.9368,17.0226,11.8928,7.07965,4.73854,11.5084,2.05324,-0.008,0.42125,96.1052,96.002
3240,53.1948,62.1172,68.5057,75.8163,97.691,51.251,16.8972,17.0514,11.997,7.09581,4.76795,11.2922,1.99507,0.2145,-0.0395,96.1052,96.002
3180,55.1217,61.3462,69.0995,76.1436,97.9515,51.8562,16.8806,17.0644,12.0244,7.03973,4.77764,11.2041,1.97275,0.13475,-0.222,96.4732,96.6664
3120,55.0239,62.6169,69.6423,76.4732,98.2141,52.4116,16.9117,17.0766,12.0371,7.03811,4.80101,11.347,2.01421,0.0025,0.08175,96.4732,96.6664
3060,54.5004,61.7605,68.4257,77.0928,98.7134,51.172,16.8942,17.1004,12.1453,7.05422,4.84082,11.2506,1.99472,-0.076,-0.12175,96.4732,96.6664
3000,55.2227,61.8682,69.4237,76.6071,98.323,52.1966,16.8958,17.0845,12.064,7.12995,4.86264,11.2439,1.98143,0.1025,-0.0753685,96.4732,96.6664
2940,54.1183,60.4124,69.72,75.0629,97.0732,52.5114,16.8535,17.0259,11.9189,7.05019,4.77103,11.0995,1.94658,0.00025,-0.310733,96.4732,96.6664
2880,52.8832,61.5485,70.0424,75.9925,97.8282,52.8283,16.8829,17.0582,12.0046,7.02797,4.78587,11.2477,2.00515,0.06125,-0.0728557,96.2511,96.079
2820,53.6278,60.7016,69.4172,76.0859,97.8997,52.1912,16.8595,17.0575,12.0266,7.1301,4.8426,11.1237,1.94389,0.0685,-0.258028,96.2511,96.079
2760,54.1224,63.0799,69.9048,76.9228,98.5804,52.6766,16.9204,17.0884,12.0641,7.20722,4.87484,11.3769,1.99802,0.28075,0.1895,96.2511,96.079
2700,53.7289,62.1111,69.8533,76.8166,98.5067,52.6182,16.903,17.0911,12.0833,7.08402,4.84446,11.288,2.00887,-0.12325,-0.0321463,96.2511,96.079
2640,55.5849,63.0529,69.5556,76.6704,98.3807,52.3254,16.9197,17.0807,12.0492,7.18713,4.87964,11.3729,2.00012,0.088,0.210598,96.2511,96.079
2580,53.1105,62.7116,68.3705,76.0193,97.8529,51.126,16.9074,17.0558,12.034,6.97605,4.78895,11.389,2.04664,-0.01525,0.276094,96.3624,96.3643
2520,53.5411,62.3608,70.4777,76.5012,98.2389,53.2623,16.8982,17.0689,12.0265,7.07868,4.79796,11.3242,2.00032,0.04275,0.01775,96.3624,96.3643
2460,52.9715,61.4771,69.3236,77.5134,99.0613,52.0742,16.8857,17.1104,12.1664,7.08705,4.85159,11.2174,1.97444,0.03675,-0.1995,96.3624,96.3643
2400,54.9001,62.1887,69.4474,75.7181,97.6227,52.2062,16.9026,17.0518,11.9559,7.17193,4.80642,11.2774,1.97804,0.235,-0.0132359,96.3624,96.3643
2340,56.0558,62.1785,69.6754,74.774,96.8576,52.4494,16.8982,17.0168,11.8552,7.07561,4.73549,11.2893,1.9849,0.04175,0.0356927,96.3624,96.3643
2280,53.4729,61.9558,69.4787,76.4008,98.1706,52.2417,16.8991,17.0767,12.0543,6.98016,4.75922,11.2942,2.02226,-0.1865,-0.08,96.5584,96.4192
2220,55.186,61.2257,69.6416,75.2405,97.2344,52.4163,16.8764,17.0338,11.9339,7.0596,4.78453,11.1805,1.96686,-0.53875,-0.202611,96.5584,96.4192
2160,53.4476,62.6655,70.0586,76.1911,97.9962,52.8408,16.9096,17.0639,12.0185,6.99788,4.79296,11.3745,2.04011,-0.3965,0.182577,96.5584,96.4192
2100,54.6158,61.9669,69.406,75.3247,97.2965,52.1842,16.889,17.0318,11.9501,6.88344,4.73681,11.3068,2.02469,-0.50975,0.107585,96.5584,96.4192
2040,54.0628,62.5223,69.4222,75.6728,97.5815,52.1886,16.9044,17.044,11.9704,6.99781,4.73853,11.3524,2.02238,-0.31,0.0901351,96.5584,96.4192
1980,54.3148,61.5585,69.1713,75.8293,97.7129,51.9286,16.8849,17.0526,11.9906,7.08644,4.77226,11.2186,1.97067,-0.0765,-0.1755,96.0488,96.2816
1920,54.4552,62.1703,69.2307,76.3515,98.1286,51.9882,16.8991,17.0692,12.0401,7.06288,4.78521,11.302,1.99937,-0.054,-0.03175,96.0488,96.2816
1860,52.9607,62.3659,69.9155,75.7817,97.6759,52.687,16.906,17.0531,11.9826,6.88151,4.68071,11.3646,2.05608,-0.32175,0.0165,96.0488,96.2816
1800,53.7477,62.7414,69.3983,74.9573,97.0092,52.1681,16.9114,17.0224,11.8824,7.07937,4.70991,11.3681,2.01706,0.09825,0.109,96.0488,96.2816
1740,53.4725,61.1546,69.059,74.646,96.7614,51.8231,16.872,17.0109,11.8895,7.00123,4.67412,11.2039,1.99304,-0.24725,-0.2665,96.0488,96.2816
1680,55.3158,60.8071,69.8947,77.2135,98.8214,52.6675,16.8665,17.0984,12.1341,7.05502,4.83886,11.1426,1.95811,-0.16075,-0.35375,96.2799,96.2822
1620,54.3238,62.4912,69.6959,75.0616,97.0933,52.4696,16.9027,17.023,11.8916,7.05488,4.72143,11.3348,2.00644,-0.1405,0.04925,96.2799,96.2822
1560,55.1016,60.5469,68.7602,76.8995,98.5702,51.5085,16.8591,17.0862,12.1278,7.0834,4.83604,11.1069,1.94508,-0.22925,-0.41775,96.2799,96.2822
1500,54.4672,61.5112,69.5839,75.4722,97.4184,52.3529,16.8792,17.036,11.9414,7.05231,4.73189,11.2256,1.97352,0.0835,-0.186,96.2799,96.2822
1440,53.6471,62.0699,69.8814,77.151,98.7722,52.6421,16.8986,17.0972,12.1102,7.11782,4.84655,11.2796,1.99432,-0.04075,-0.059,96.2799,96.2822
1380,54.0013,62.0553,69.4024,75.3375,97.3098,52.163,16.8967,17.0356,11.9271,7.09139,4.74578,11.2786,1.98979,-0.1,-0.06025,96.0402,96.3526
1320,54.8816,61.5961,69.2904,76.077,97.9012,52.0501,16.8894,17.0644,12.0129,7.0324,4.76429,11.2327,1.985,-0.079,-0.169,96.0402,96.3526
1260,54.0607,61.8545,69.0606,76.3739,98.1306,51.8281,16.8938,17.074,12.0515,7.06626,4.7812,11.2671,2.0004,0.1515,-0.09975,96.0402,96.3526
1200,54.8591,62.0848,68.6411,76.1119,97.9143,51.408,16.8983,17.0647,12.0418,6.96032,4.75208,11.3022,2.01725,-0.3825,-0.04275,96.0402,96.3526
1140,53.5952,62.6702,69.2912,75.5762,97.4942,52.0692,16.9177,17.0525,11.9512,7.12607,4.76219,11.349,2.01581,0.18725,0.09625,96.0402,96.3526
1080,53.5094,60.0275,68.9902,76.9769,98.62,51.7689,16.8544,17.1011,12.1533,7.06789,4.846,11.0624,1.96462,0.01375,-0.486262,96.6886,96.2879
1020,54.3613,60.9655,69.7019,75.0245,97.0363,52.5161,16.8596,17.0191,11.9138,7.14428,4.81947,11.1462,1.94646,-0.17725,-0.128831,96.6886,96.2879
960,53.5285,61.1935,69.0997,75.2947,97.2596,51.8946,16.8619,17.0241,11.9685,6.97187,4.70176,11.2173,1.99904,-0.302,-0.2405,96.6886,96.2879
900,53.8935,62.3169,70.4751,76.4198,98.1779,53.2701,16.893,17.0626,12.012,7.14554,4.81575,11.3041,1.98154,0.146,0.01075,96.6886,96.2879
840,54.1361,62.4124,69.4241,76.5632,98.3034,52.1837,16.899,17.0698,12.0579,7.06274,4.8008,11.327,2.00765,-0.2195,0.026,96.6886,96.2879
780,53.9251,61.5842,69.5616,75.5776,97.5143,52.3153,16.8809,17.0377,11.9604,7.04012,4.73974,11.2362,1.98682,-0.3625,-0.176,96.44,96.1597
720,54.3862,60.3637,70.1396,76.5666,98.3125,52.8937,16.8596,17.0775,12.0615,7.02792,4.78678,11.0954,1.95512,-0.35375,-0.4735,96.44,96.1597
660,52.7527,61.0019,70.08,75.9035,97.7716,52.8429,16.8749,17.0575,12.009,6.83569,4.6696,11.2117,2.02988,-0.50925,-0.31325,96.44,96.1597
600,55.8471,62.83,69.2798,76.109,97.9225,52.035,16.9157,17.0613,11.9893,7.22205,4.8536,11.3299,1.97873,-0.17925,0.1225,96.44,96.1597
540,54.4942,60.788,68.387,75.0391,97.0671,51.1294,16.8741,17.034,11.9224,7.12054,4.72387,11.1294,1.95448,0.309,-0.36075,96.44,96.1597
480,53.2305,62.3162,69.7643,75.6866,97.5734,52.5484,16.9082,17.0555,11.9593,7.12761,4.75993,11.3154,2.01797,0.25475,0.01425,95.9463,96.693
420,53.4707,61.4037,69.7625,75.8582,97.6995,52.5611,16.8835,17.0597,11.9965,7.10334,4.774,11.2112,1.99215,0.06775,-0.195,95.9463,96.693
360,53.7091,61.9114,68.9663,77.5907,99.0917,51.7511,16.8981,17.12,12.1921,7.08409,4.85558,11.2731,2.011,0.136,-0.075,95.9463,96.693
300,54.5755,61.7253,68.9007,76.2034,97.9753,51.6973,16.8874,17.069,12.0611,7.00853,4.83714,11.2505,2.00588,-0.44825,0.0306731,95.9463,96.693
240,53.5421,63.486,69.7367,74.7067,96.7752,52.554,16.9238,17.0134,11.8551,7.0222,4.75413,11.4663,2.05831,0.15725,0.561623,95.9463,96.693
180,54.4117,62.3401,69.4265,75.7912,97.6675,52.2169,16.9005,17.0517,11.973,7.23671,4.88428,11.2898,1.98247,0.208,0.192908,96.522,96.1666
120,53.0486,62.607,68.9895,74.6288,96.7261,51.7784,16.8966,17.0026,11.8742,7.05473,4.7692,11.3648,2.02728,-0.004,0.388749,96.522,96.1666
60,54.1444,64.0893,69.9942,76.7417,98.4284,52.7801,16.934,17.0721,12.0257,7.22442,4.8332,11.4993,2.02131,0.5805,0.43175,96.522,96.1666
0,54.7836,61.4846,68.7854,76.5066,98.2582,51.5291,16.8815,17.0725,12.0668,7.16124,4.83078,11.1923,1.95564,-0.2005,-0.19775,96.522,96.1666
